[map,coarse,standard,vic=0] PSSTATS sched=standard dist=coarse locs=12 threads=12
[map,coarse,standard,vic=0] PSSTATS loc=0 executed=1942 dealt=15750 steals=0 foreign=1641
[map,coarse,standard,vic=0] PSSTATS loc=1 executed=1256 dealt=0 steals=1256 foreign=1126
[map,coarse,standard,vic=0] PSSTATS loc=2 executed=1253 dealt=0 steals=1253 foreign=1136
[map,coarse,standard,vic=0] PSSTATS loc=3 executed=1243 dealt=0 steals=1243 foreign=1152
[map,coarse,standard,vic=0] PSSTATS loc=4 executed=1216 dealt=0 steals=1216 foreign=1126
[map,coarse,standard,vic=0] PSSTATS loc=5 executed=1260 dealt=0 steals=1260 foreign=1180
[map,coarse,standard,vic=0] PSSTATS loc=6 executed=1265 dealt=0 steals=1265 foreign=1146
[map,coarse,standard,vic=0] PSSTATS loc=7 executed=1306 dealt=0 steals=1306 foreign=1214
[map,coarse,standard,vic=0] PSSTATS loc=8 executed=1286 dealt=0 steals=1286 foreign=1177
[map,coarse,standard,vic=0] PSSTATS loc=9 executed=1231 dealt=0 steals=1231 foreign=1141
[map,coarse,standard,vic=0] PSSTATS loc=10 executed=1209 dealt=0 steals=1209 foreign=1119
[map,coarse,standard,vic=0] PSSTATS loc=11 executed=1283 dealt=0 steals=1283 foreign=1180
[map,coarse,locality,vic=0] PSSTATS sched=locality dist=coarse locs=12 threads=12
[map,coarse,locality,vic=0] PSSTATS loc=0 executed=1489 dealt=1500 steals=3 foreign=3
[map,coarse,locality,vic=0] PSSTATS loc=1 executed=1494 dealt=1500 steals=5 foreign=5
[map,coarse,locality,vic=0] PSSTATS loc=2 executed=1493 dealt=1500 steals=7 foreign=7
[map,coarse,locality,vic=0] PSSTATS loc=3 executed=1271 dealt=1250 steals=25 foreign=25
[map,coarse,locality,vic=0] PSSTATS loc=4 executed=1255 dealt=1250 steals=18 foreign=18
[map,coarse,locality,vic=0] PSSTATS loc=5 executed=1252 dealt=1250 steals=10 foreign=10
[map,coarse,locality,vic=0] PSSTATS loc=6 executed=1249 dealt=1250 steals=8 foreign=8
[map,coarse,locality,vic=0] PSSTATS loc=7 executed=1254 dealt=1250 steals=6 foreign=6
[map,coarse,locality,vic=0] PSSTATS loc=8 executed=1255 dealt=1250 steals=12 foreign=12
[map,coarse,locality,vic=0] PSSTATS loc=9 executed=1243 dealt=1250 steals=6 foreign=6
[map,coarse,locality,vic=0] PSSTATS loc=10 executed=1251 dealt=1250 steals=5 foreign=5
[map,coarse,locality,vic=0] PSSTATS loc=11 executed=1244 dealt=1250 steals=8 foreign=8
[map,coarse,locality,vic=1] PSSTATS sched=locality dist=coarse locs=12 threads=12
[map,coarse,locality,vic=1] PSSTATS loc=0 executed=1494 dealt=1500 steals=9 foreign=9
[map,coarse,locality,vic=1] PSSTATS loc=1 executed=1509 dealt=1500 steals=13 foreign=13
[map,coarse,locality,vic=1] PSSTATS loc=2 executed=1485 dealt=1500 steals=6 foreign=6
[map,coarse,locality,vic=1] PSSTATS loc=3 executed=1258 dealt=1250 steals=19 foreign=19
[map,coarse,locality,vic=1] PSSTATS loc=4 executed=1248 dealt=1250 steals=6 foreign=6
[map,coarse,locality,vic=1] PSSTATS loc=5 executed=1253 dealt=1250 steals=5 foreign=5
[map,coarse,locality,vic=1] PSSTATS loc=6 executed=1252 dealt=1250 steals=5 foreign=5
[map,coarse,locality,vic=1] PSSTATS loc=7 executed=1250 dealt=1250 steals=5 foreign=5
[map,coarse,locality,vic=1] PSSTATS loc=8 executed=1251 dealt=1250 steals=8 foreign=8
[map,coarse,locality,vic=1] PSSTATS loc=9 executed=1242 dealt=1250 steals=5 foreign=5
[map,coarse,locality,vic=1] PSSTATS loc=10 executed=1265 dealt=1250 steals=16 foreign=16
[map,coarse,locality,vic=1] PSSTATS loc=11 executed=1243 dealt=1250 steals=8 foreign=8
[map,coarse,locality,vic=2] PSSTATS sched=locality dist=coarse locs=12 threads=12
[map,coarse,locality,vic=2] PSSTATS loc=0 executed=1491 dealt=1500 steals=16 foreign=16
[map,coarse,locality,vic=2] PSSTATS loc=1 executed=1501 dealt=1500 steals=15 foreign=15
[map,coarse,locality,vic=2] PSSTATS loc=2 executed=1483 dealt=1500 steals=12 foreign=12
[map,coarse,locality,vic=2] PSSTATS loc=3 executed=1263 dealt=1250 steals=21 foreign=21
[map,coarse,locality,vic=2] PSSTATS loc=4 executed=1257 dealt=1250 steals=25 foreign=25
[map,coarse,locality,vic=2] PSSTATS loc=5 executed=1258 dealt=1250 steals=13 foreign=13
[map,coarse,locality,vic=2] PSSTATS loc=6 executed=1247 dealt=1250 steals=10 foreign=10
[map,coarse,locality,vic=2] PSSTATS loc=7 executed=1255 dealt=1250 steals=15 foreign=15
[map,coarse,locality,vic=2] PSSTATS loc=8 executed=1259 dealt=1250 steals=17 foreign=17
[map,coarse,locality,vic=2] PSSTATS loc=9 executed=1228 dealt=1250 steals=12 foreign=12
[map,coarse,locality,vic=2] PSSTATS loc=10 executed=1243 dealt=1250 steals=16 foreign=16
[map,coarse,locality,vic=2] PSSTATS loc=11 executed=1265 dealt=1250 steals=20 foreign=20
[map,fine,locality,vic=0] PSSTATS sched=locality dist=fine locs=12 threads=12
[map,fine,locality,vic=0] PSSTATS loc=0 executed=1840 dealt=15750 steals=0 foreign=0
[map,fine,locality,vic=0] PSSTATS loc=1 executed=1287 dealt=0 steals=1287 foreign=0
[map,fine,locality,vic=0] PSSTATS loc=2 executed=1321 dealt=0 steals=1321 foreign=0
[map,fine,locality,vic=0] PSSTATS loc=3 executed=1289 dealt=0 steals=1289 foreign=0
[map,fine,locality,vic=0] PSSTATS loc=4 executed=1238 dealt=0 steals=1238 foreign=0
[map,fine,locality,vic=0] PSSTATS loc=5 executed=984 dealt=0 steals=984 foreign=0
[map,fine,locality,vic=0] PSSTATS loc=6 executed=1265 dealt=0 steals=1265 foreign=0
[map,fine,locality,vic=0] PSSTATS loc=7 executed=1324 dealt=0 steals=1324 foreign=0
[map,fine,locality,vic=0] PSSTATS loc=8 executed=1289 dealt=0 steals=1289 foreign=0
[map,fine,locality,vic=0] PSSTATS loc=9 executed=1303 dealt=0 steals=1303 foreign=0
[map,fine,locality,vic=0] PSSTATS loc=10 executed=1267 dealt=0 steals=1267 foreign=0
[map,fine,locality,vic=0] PSSTATS loc=11 executed=1343 dealt=0 steals=1343 foreign=0
[vecmul,coarse,standard,vic=0] PSSTATS sched=standard dist=coarse locs=12 threads=12
[vecmul,coarse,standard,vic=0] PSSTATS loc=0 executed=2425 dealt=25600 steals=0 foreign=1983
[vecmul,coarse,standard,vic=0] PSSTATS loc=1 executed=1994 dealt=0 steals=1994 foreign=1831
[vecmul,coarse,standard,vic=0] PSSTATS loc=2 executed=2091 dealt=0 steals=2091 foreign=1929
[vecmul,coarse,standard,vic=0] PSSTATS loc=3 executed=2089 dealt=0 steals=2089 foreign=1866
[vecmul,coarse,standard,vic=0] PSSTATS loc=4 executed=2168 dealt=0 steals=2168 foreign=1997
[vecmul,coarse,standard,vic=0] PSSTATS loc=5 executed=1902 dealt=0 steals=1902 foreign=1772
[vecmul,coarse,standard,vic=0] PSSTATS loc=6 executed=2151 dealt=0 steals=2151 foreign=1939
[vecmul,coarse,standard,vic=0] PSSTATS loc=7 executed=2180 dealt=0 steals=2180 foreign=2011
[vecmul,coarse,standard,vic=0] PSSTATS loc=8 executed=2174 dealt=0 steals=2174 foreign=2012
[vecmul,coarse,standard,vic=0] PSSTATS loc=9 executed=2114 dealt=0 steals=2114 foreign=1962
[vecmul,coarse,standard,vic=0] PSSTATS loc=10 executed=2180 dealt=0 steals=2180 foreign=2053
[vecmul,coarse,standard,vic=0] PSSTATS loc=11 executed=2132 dealt=0 steals=2132 foreign=1943
[vecmul,coarse,locality,vic=0] PSSTATS sched=locality dist=coarse locs=12 threads=12
[vecmul,coarse,locality,vic=0] PSSTATS loc=0 executed=2196 dealt=2200 steals=33 foreign=33
[vecmul,coarse,locality,vic=0] PSSTATS loc=1 executed=2174 dealt=2200 steals=4 foreign=4
[vecmul,coarse,locality,vic=0] PSSTATS loc=2 executed=2205 dealt=2200 steals=7 foreign=7
[vecmul,coarse,locality,vic=0] PSSTATS loc=3 executed=2183 dealt=2200 steals=6 foreign=6
[vecmul,coarse,locality,vic=0] PSSTATS loc=4 executed=2204 dealt=2200 steals=19 foreign=19
[vecmul,coarse,locality,vic=0] PSSTATS loc=5 executed=2152 dealt=2200 steals=5 foreign=5
[vecmul,coarse,locality,vic=0] PSSTATS loc=6 executed=2197 dealt=2200 steals=6 foreign=6
[vecmul,coarse,locality,vic=0] PSSTATS loc=7 executed=2168 dealt=2200 steals=3 foreign=3
[vecmul,coarse,locality,vic=0] PSSTATS loc=8 executed=2046 dealt=2000 steals=54 foreign=54
[vecmul,coarse,locality,vic=0] PSSTATS loc=9 executed=2005 dealt=2000 steals=22 foreign=22
[vecmul,coarse,locality,vic=0] PSSTATS loc=10 executed=2061 dealt=2000 steals=65 foreign=65
[vecmul,coarse,locality,vic=0] PSSTATS loc=11 executed=2009 dealt=2000 steals=21 foreign=21
[vecmul,coarse,locality,vic=1] PSSTATS sched=locality dist=coarse locs=12 threads=12
[vecmul,coarse,locality,vic=1] PSSTATS loc=0 executed=2212 dealt=2200 steals=28 foreign=28
[vecmul,coarse,locality,vic=1] PSSTATS loc=1 executed=2189 dealt=2200 steals=26 foreign=26
[vecmul,coarse,locality,vic=1] PSSTATS loc=2 executed=2198 dealt=2200 steals=16 foreign=16
[vecmul,coarse,locality,vic=1] PSSTATS loc=3 executed=2203 dealt=2200 steals=6 foreign=6
[vecmul,coarse,locality,vic=1] PSSTATS loc=4 executed=2208 dealt=2200 steals=19 foreign=19
[vecmul,coarse,locality,vic=1] PSSTATS loc=5 executed=2182 dealt=2200 steals=8 foreign=8
[vecmul,coarse,locality,vic=1] PSSTATS loc=6 executed=2206 dealt=2200 steals=11 foreign=11
[vecmul,coarse,locality,vic=1] PSSTATS loc=7 executed=2198 dealt=2200 steals=4 foreign=4
[vecmul,coarse,locality,vic=1] PSSTATS loc=8 executed=2004 dealt=2000 steals=5 foreign=5
[vecmul,coarse,locality,vic=1] PSSTATS loc=9 executed=1995 dealt=2000 steals=0 foreign=0
[vecmul,coarse,locality,vic=1] PSSTATS loc=10 executed=2008 dealt=2000 steals=8 foreign=8
[vecmul,coarse,locality,vic=1] PSSTATS loc=11 executed=1997 dealt=2000 steals=7 foreign=7
[vecmul,coarse,locality,vic=2] PSSTATS sched=locality dist=coarse locs=12 threads=12
[vecmul,coarse,locality,vic=2] PSSTATS loc=0 executed=2183 dealt=2200 steals=28 foreign=28
[vecmul,coarse,locality,vic=2] PSSTATS loc=1 executed=2194 dealt=2200 steals=12 foreign=12
[vecmul,coarse,locality,vic=2] PSSTATS loc=2 executed=2216 dealt=2200 steals=37 foreign=37
[vecmul,coarse,locality,vic=2] PSSTATS loc=3 executed=2190 dealt=2200 steals=13 foreign=13
[vecmul,coarse,locality,vic=2] PSSTATS loc=4 executed=2210 dealt=2200 steals=15 foreign=15
[vecmul,coarse,locality,vic=2] PSSTATS loc=5 executed=2198 dealt=2200 steals=24 foreign=24
[vecmul,coarse,locality,vic=2] PSSTATS loc=6 executed=2180 dealt=2200 steals=11 foreign=11
[vecmul,coarse,locality,vic=2] PSSTATS loc=7 executed=2187 dealt=2200 steals=11 foreign=11
[vecmul,coarse,locality,vic=2] PSSTATS loc=8 executed=2020 dealt=2000 steals=26 foreign=26
[vecmul,coarse,locality,vic=2] PSSTATS loc=9 executed=1994 dealt=2000 steals=4 foreign=4
[vecmul,coarse,locality,vic=2] PSSTATS loc=10 executed=2014 dealt=2000 steals=20 foreign=20
[vecmul,coarse,locality,vic=2] PSSTATS loc=11 executed=2014 dealt=2000 steals=30 foreign=30
[vecmul,fine,locality,vic=0] PSSTATS sched=locality dist=fine locs=12 threads=12
[vecmul,fine,locality,vic=0] PSSTATS loc=0 executed=2447 dealt=25600 steals=0 foreign=0
[vecmul,fine,locality,vic=0] PSSTATS loc=1 executed=2102 dealt=0 steals=2102 foreign=0
[vecmul,fine,locality,vic=0] PSSTATS loc=2 executed=1998 dealt=0 steals=1998 foreign=0
[vecmul,fine,locality,vic=0] PSSTATS loc=3 executed=2108 dealt=0 steals=2108 foreign=0
[vecmul,fine,locality,vic=0] PSSTATS loc=4 executed=2103 dealt=0 steals=2103 foreign=0
[vecmul,fine,locality,vic=0] PSSTATS loc=5 executed=2130 dealt=0 steals=2130 foreign=0
[vecmul,fine,locality,vic=0] PSSTATS loc=6 executed=2070 dealt=0 steals=2070 foreign=0
[vecmul,fine,locality,vic=0] PSSTATS loc=7 executed=2137 dealt=0 steals=2137 foreign=0
[vecmul,fine,locality,vic=0] PSSTATS loc=8 executed=2160 dealt=0 steals=2160 foreign=0
[vecmul,fine,locality,vic=0] PSSTATS loc=9 executed=2127 dealt=0 steals=2127 foreign=0
[vecmul,fine,locality,vic=0] PSSTATS loc=10 executed=2141 dealt=0 steals=2141 foreign=0
[vecmul,fine,locality,vic=0] PSSTATS loc=11 executed=2077 dealt=0 steals=2077 foreign=0
[reduction,coarse,standard,vic=0] PSSTATS sched=standard dist=coarse locs=12 threads=12
[reduction,coarse,standard,vic=0] PSSTATS loc=0 executed=96 dealt=1023 steals=0 foreign=30
[reduction,coarse,standard,vic=0] PSSTATS loc=1 executed=98 dealt=0 steals=98 foreign=67
[reduction,coarse,standard,vic=0] PSSTATS loc=2 executed=76 dealt=0 steals=76 foreign=76
[reduction,coarse,standard,vic=0] PSSTATS loc=3 executed=88 dealt=0 steals=88 foreign=88
[reduction,coarse,standard,vic=0] PSSTATS loc=4 executed=75 dealt=0 steals=75 foreign=75
[reduction,coarse,standard,vic=0] PSSTATS loc=5 executed=102 dealt=0 steals=102 foreign=102
[reduction,coarse,standard,vic=0] PSSTATS loc=6 executed=96 dealt=0 steals=96 foreign=96
[reduction,coarse,standard,vic=0] PSSTATS loc=7 executed=95 dealt=0 steals=95 foreign=95
[reduction,coarse,standard,vic=0] PSSTATS loc=8 executed=49 dealt=0 steals=49 foreign=49
[reduction,coarse,standard,vic=0] PSSTATS loc=9 executed=57 dealt=0 steals=57 foreign=57
[reduction,coarse,standard,vic=0] PSSTATS loc=10 executed=106 dealt=0 steals=106 foreign=106
[reduction,coarse,standard,vic=0] PSSTATS loc=11 executed=85 dealt=0 steals=85 foreign=85
[reduction,coarse,locality,vic=0] PSSTATS sched=locality dist=coarse locs=12 threads=12
[reduction,coarse,locality,vic=0] PSSTATS loc=0 executed=91 dealt=682 steals=29 foreign=29
[reduction,coarse,locality,vic=0] PSSTATS loc=1 executed=90 dealt=341 steals=56 foreign=56
[reduction,coarse,locality,vic=0] PSSTATS loc=2 executed=88 dealt=0 steals=88 foreign=88
[reduction,coarse,locality,vic=0] PSSTATS loc=3 executed=84 dealt=0 steals=84 foreign=84
[reduction,coarse,locality,vic=0] PSSTATS loc=4 executed=107 dealt=0 steals=107 foreign=107
[reduction,coarse,locality,vic=0] PSSTATS loc=5 executed=86 dealt=0 steals=86 foreign=86
[reduction,coarse,locality,vic=0] PSSTATS loc=6 executed=90 dealt=0 steals=90 foreign=90
[reduction,coarse,locality,vic=0] PSSTATS loc=7 executed=90 dealt=0 steals=90 foreign=90
[reduction,coarse,locality,vic=0] PSSTATS loc=8 executed=90 dealt=0 steals=90 foreign=90
[reduction,coarse,locality,vic=0] PSSTATS loc=9 executed=89 dealt=0 steals=89 foreign=89
[reduction,coarse,locality,vic=0] PSSTATS loc=10 executed=31 dealt=0 steals=31 foreign=31
[reduction,coarse,locality,vic=0] PSSTATS loc=11 executed=87 dealt=0 steals=87 foreign=87
[reduction,coarse,locality,vic=1] PSSTATS sched=locality dist=coarse locs=12 threads=12
[reduction,coarse,locality,vic=1] PSSTATS loc=0 executed=342 dealt=682 steals=103 foreign=103
[reduction,coarse,locality,vic=1] PSSTATS loc=1 executed=341 dealt=341 steals=219 foreign=219
[reduction,coarse,locality,vic=1] PSSTATS loc=2 executed=116 dealt=0 steals=116 foreign=116
[reduction,coarse,locality,vic=1] PSSTATS loc=3 executed=0 dealt=0 steals=0 foreign=0
[reduction,coarse,locality,vic=1] PSSTATS loc=4 executed=0 dealt=0 steals=0 foreign=0
[reduction,coarse,locality,vic=1] PSSTATS loc=5 executed=0 dealt=0 steals=0 foreign=0
[reduction,coarse,locality,vic=1] PSSTATS loc=6 executed=0 dealt=0 steals=0 foreign=0
[reduction,coarse,locality,vic=1] PSSTATS loc=7 executed=0 dealt=0 steals=0 foreign=0
[reduction,coarse,locality,vic=1] PSSTATS loc=8 executed=0 dealt=0 steals=0 foreign=0
[reduction,coarse,locality,vic=1] PSSTATS loc=9 executed=0 dealt=0 steals=0 foreign=0
[reduction,coarse,locality,vic=1] PSSTATS loc=10 executed=0 dealt=0 steals=0 foreign=0
[reduction,coarse,locality,vic=1] PSSTATS loc=11 executed=224 dealt=0 steals=224 foreign=224
[reduction,coarse,locality,vic=2] PSSTATS sched=locality dist=coarse locs=12 threads=12
[reduction,coarse,locality,vic=2] PSSTATS loc=0 executed=246 dealt=682 steals=83 foreign=83
[reduction,coarse,locality,vic=2] PSSTATS loc=1 executed=208 dealt=341 steals=151 foreign=151
[reduction,coarse,locality,vic=2] PSSTATS loc=2 executed=236 dealt=0 steals=236 foreign=236
[reduction,coarse,locality,vic=2] PSSTATS loc=3 executed=84 dealt=0 steals=84 foreign=84
[reduction,coarse,locality,vic=2] PSSTATS loc=4 executed=0 dealt=0 steals=0 foreign=0
[reduction,coarse,locality,vic=2] PSSTATS loc=5 executed=0 dealt=0 steals=0 foreign=0
[reduction,coarse,locality,vic=2] PSSTATS loc=6 executed=0 dealt=0 steals=0 foreign=0
[reduction,coarse,locality,vic=2] PSSTATS loc=7 executed=0 dealt=0 steals=0 foreign=0
[reduction,coarse,locality,vic=2] PSSTATS loc=8 executed=0 dealt=0 steals=0 foreign=0
[reduction,coarse,locality,vic=2] PSSTATS loc=9 executed=0 dealt=0 steals=0 foreign=0
[reduction,coarse,locality,vic=2] PSSTATS loc=10 executed=157 dealt=0 steals=157 foreign=157
[reduction,coarse,locality,vic=2] PSSTATS loc=11 executed=92 dealt=0 steals=92 foreign=92
[reduction,fine,locality,vic=0] PSSTATS sched=locality dist=fine locs=12 threads=12
[reduction,fine,locality,vic=0] PSSTATS loc=0 executed=100 dealt=1023 steals=0 foreign=0
[reduction,fine,locality,vic=0] PSSTATS loc=1 executed=88 dealt=0 steals=88 foreign=0
[reduction,fine,locality,vic=0] PSSTATS loc=2 executed=74 dealt=0 steals=74 foreign=0
[reduction,fine,locality,vic=0] PSSTATS loc=3 executed=88 dealt=0 steals=88 foreign=0
[reduction,fine,locality,vic=0] PSSTATS loc=4 executed=89 dealt=0 steals=89 foreign=0
[reduction,fine,locality,vic=0] PSSTATS loc=5 executed=86 dealt=0 steals=86 foreign=0
[reduction,fine,locality,vic=0] PSSTATS loc=6 executed=98 dealt=0 steals=98 foreign=0
[reduction,fine,locality,vic=0] PSSTATS loc=7 executed=85 dealt=0 steals=85 foreign=0
[reduction,fine,locality,vic=0] PSSTATS loc=8 executed=83 dealt=0 steals=83 foreign=0
[reduction,fine,locality,vic=0] PSSTATS loc=9 executed=88 dealt=0 steals=88 foreign=0
[reduction,fine,locality,vic=0] PSSTATS loc=10 executed=91 dealt=0 steals=91 foreign=0
[reduction,fine,locality,vic=0] PSSTATS loc=11 executed=53 dealt=0 steals=53 foreign=0
[matmul,coarse,standard,vic=0] PSSTATS sched=standard dist=coarse locs=12 threads=12
[matmul,coarse,standard,vic=0] PSSTATS loc=0 executed=23 dealt=256 steals=0 foreign=0
[matmul,coarse,standard,vic=0] PSSTATS loc=1 executed=23 dealt=0 steals=23 foreign=23
[matmul,coarse,standard,vic=0] PSSTATS loc=2 executed=23 dealt=0 steals=23 foreign=23
[matmul,coarse,standard,vic=0] PSSTATS loc=3 executed=23 dealt=0 steals=23 foreign=23
[matmul,coarse,standard,vic=0] PSSTATS loc=4 executed=21 dealt=0 steals=21 foreign=21
[matmul,coarse,standard,vic=0] PSSTATS loc=5 executed=22 dealt=0 steals=22 foreign=22
[matmul,coarse,standard,vic=0] PSSTATS loc=6 executed=23 dealt=0 steals=23 foreign=23
[matmul,coarse,standard,vic=0] PSSTATS loc=7 executed=12 dealt=0 steals=12 foreign=12
[matmul,coarse,standard,vic=0] PSSTATS loc=8 executed=22 dealt=0 steals=22 foreign=22
[matmul,coarse,standard,vic=0] PSSTATS loc=9 executed=22 dealt=0 steals=22 foreign=22
[matmul,coarse,standard,vic=0] PSSTATS loc=10 executed=21 dealt=0 steals=21 foreign=21
[matmul,coarse,standard,vic=0] PSSTATS loc=11 executed=21 dealt=0 steals=21 foreign=21
[matmul,coarse,locality,vic=0] PSSTATS sched=locality dist=coarse locs=12 threads=12
[matmul,coarse,locality,vic=0] PSSTATS loc=0 executed=21 dealt=256 steals=0 foreign=0
[matmul,coarse,locality,vic=0] PSSTATS loc=1 executed=22 dealt=0 steals=22 foreign=22
[matmul,coarse,locality,vic=0] PSSTATS loc=2 executed=22 dealt=0 steals=22 foreign=22
[matmul,coarse,locality,vic=0] PSSTATS loc=3 executed=22 dealt=0 steals=22 foreign=22
[matmul,coarse,locality,vic=0] PSSTATS loc=4 executed=20 dealt=0 steals=20 foreign=20
[matmul,coarse,locality,vic=0] PSSTATS loc=5 executed=21 dealt=0 steals=21 foreign=21
[matmul,coarse,locality,vic=0] PSSTATS loc=6 executed=21 dealt=0 steals=21 foreign=21
[matmul,coarse,locality,vic=0] PSSTATS loc=7 executed=22 dealt=0 steals=22 foreign=22
[matmul,coarse,locality,vic=0] PSSTATS loc=8 executed=21 dealt=0 steals=21 foreign=21
[matmul,coarse,locality,vic=0] PSSTATS loc=9 executed=21 dealt=0 steals=21 foreign=21
[matmul,coarse,locality,vic=0] PSSTATS loc=10 executed=21 dealt=0 steals=21 foreign=21
[matmul,coarse,locality,vic=0] PSSTATS loc=11 executed=22 dealt=0 steals=22 foreign=22
[matmul,coarse,locality,vic=1] PSSTATS sched=locality dist=coarse locs=12 threads=12
[matmul,coarse,locality,vic=1] PSSTATS loc=0 executed=87 dealt=256 steals=0 foreign=0
[matmul,coarse,locality,vic=1] PSSTATS loc=1 executed=84 dealt=0 steals=84 foreign=84
[matmul,coarse,locality,vic=1] PSSTATS loc=2 executed=0 dealt=0 steals=0 foreign=0
[matmul,coarse,locality,vic=1] PSSTATS loc=3 executed=0 dealt=0 steals=0 foreign=0
[matmul,coarse,locality,vic=1] PSSTATS loc=4 executed=0 dealt=0 steals=0 foreign=0
[matmul,coarse,locality,vic=1] PSSTATS loc=5 executed=0 dealt=0 steals=0 foreign=0
[matmul,coarse,locality,vic=1] PSSTATS loc=6 executed=0 dealt=0 steals=0 foreign=0
[matmul,coarse,locality,vic=1] PSSTATS loc=7 executed=0 dealt=0 steals=0 foreign=0
[matmul,coarse,locality,vic=1] PSSTATS loc=8 executed=0 dealt=0 steals=0 foreign=0
[matmul,coarse,locality,vic=1] PSSTATS loc=9 executed=0 dealt=0 steals=0 foreign=0
[matmul,coarse,locality,vic=1] PSSTATS loc=10 executed=0 dealt=0 steals=0 foreign=0
[matmul,coarse,locality,vic=1] PSSTATS loc=11 executed=85 dealt=0 steals=85 foreign=85
[matmul,coarse,locality,vic=2] PSSTATS sched=locality dist=coarse locs=12 threads=12
[matmul,coarse,locality,vic=2] PSSTATS loc=0 executed=51 dealt=256 steals=0 foreign=0
[matmul,coarse,locality,vic=2] PSSTATS loc=1 executed=50 dealt=0 steals=50 foreign=50
[matmul,coarse,locality,vic=2] PSSTATS loc=2 executed=51 dealt=0 steals=51 foreign=51
[matmul,coarse,locality,vic=2] PSSTATS loc=3 executed=0 dealt=0 steals=0 foreign=0
[matmul,coarse,locality,vic=2] PSSTATS loc=4 executed=0 dealt=0 steals=0 foreign=0
[matmul,coarse,locality,vic=2] PSSTATS loc=5 executed=0 dealt=0 steals=0 foreign=0
[matmul,coarse,locality,vic=2] PSSTATS loc=6 executed=0 dealt=0 steals=0 foreign=0
[matmul,coarse,locality,vic=2] PSSTATS loc=7 executed=0 dealt=0 steals=0 foreign=0
[matmul,coarse,locality,vic=2] PSSTATS loc=8 executed=0 dealt=0 steals=0 foreign=0
[matmul,coarse,locality,vic=2] PSSTATS loc=9 executed=0 dealt=0 steals=0 foreign=0
[matmul,coarse,locality,vic=2] PSSTATS loc=10 executed=52 dealt=0 steals=52 foreign=52
[matmul,coarse,locality,vic=2] PSSTATS loc=11 executed=52 dealt=0 steals=52 foreign=52
[matmul,fine,locality,vic=0] PSSTATS sched=locality dist=fine locs=12 threads=12
[matmul,fine,locality,vic=0] PSSTATS loc=0 executed=23 dealt=256 steals=0 foreign=0
[matmul,fine,locality,vic=0] PSSTATS loc=1 executed=22 dealt=0 steals=22 foreign=0
[matmul,fine,locality,vic=0] PSSTATS loc=2 executed=22 dealt=0 steals=22 foreign=0
[matmul,fine,locality,vic=0] PSSTATS loc=3 executed=11 dealt=0 steals=11 foreign=0
[matmul,fine,locality,vic=0] PSSTATS loc=4 executed=23 dealt=0 steals=23 foreign=0
[matmul,fine,locality,vic=0] PSSTATS loc=5 executed=22 dealt=0 steals=22 foreign=0
[matmul,fine,locality,vic=0] PSSTATS loc=6 executed=22 dealt=0 steals=22 foreign=0
[matmul,fine,locality,vic=0] PSSTATS loc=7 executed=23 dealt=0 steals=23 foreign=0
[matmul,fine,locality,vic=0] PSSTATS loc=8 executed=22 dealt=0 steals=22 foreign=0
[matmul,fine,locality,vic=0] PSSTATS loc=9 executed=22 dealt=0 steals=22 foreign=0
[matmul,fine,locality,vic=0] PSSTATS loc=10 executed=22 dealt=0 steals=22 foreign=0
[matmul,fine,locality,vic=0] PSSTATS loc=11 executed=22 dealt=0 steals=22 foreign=0
[map,coarse,standard,vic=0] PSSTATS sched=standard dist=coarse locs=12 threads=12
[map,coarse,standard,vic=0] PSSTATS loc=0 executed=1815 dealt=15750 steals=0 foreign=1547
[map,coarse,standard,vic=0] PSSTATS loc=1 executed=1327 dealt=0 steals=1327 foreign=1197
[map,coarse,standard,vic=0] PSSTATS loc=2 executed=1322 dealt=0 steals=1322 foreign=1218
[map,coarse,standard,vic=0] PSSTATS loc=3 executed=1364 dealt=0 steals=1364 foreign=1250
[map,coarse,standard,vic=0] PSSTATS loc=4 executed=1269 dealt=0 steals=1269 foreign=1168
[map,coarse,standard,vic=0] PSSTATS loc=5 executed=1298 dealt=0 steals=1298 foreign=1213
[map,coarse,standard,vic=0] PSSTATS loc=6 executed=1304 dealt=0 steals=1304 foreign=1191
[map,coarse,standard,vic=0] PSSTATS loc=7 executed=1322 dealt=0 steals=1322 foreign=1203
[map,coarse,standard,vic=0] PSSTATS loc=8 executed=1328 dealt=0 steals=1328 foreign=1210
[map,coarse,standard,vic=0] PSSTATS loc=9 executed=893 dealt=0 steals=893 foreign=830
[map,coarse,standard,vic=0] PSSTATS loc=10 executed=1167 dealt=0 steals=1167 foreign=1068
[map,coarse,standard,vic=0] PSSTATS loc=11 executed=1341 dealt=0 steals=1341 foreign=1231
[map,coarse,locality,vic=0] PSSTATS sched=locality dist=coarse locs=12 threads=12
[map,coarse,locality,vic=0] PSSTATS loc=0 executed=1488 dealt=1500 steals=1 foreign=1
[map,coarse,locality,vic=0] PSSTATS loc=1 executed=1501 dealt=1500 steals=6 foreign=6
[map,coarse,locality,vic=0] PSSTATS loc=2 executed=1502 dealt=1500 steals=4 foreign=4
[map,coarse,locality,vic=0] PSSTATS loc=3 executed=1257 dealt=1250 steals=10 foreign=10
[map,coarse,locality,vic=0] PSSTATS loc=4 executed=1255 dealt=1250 steals=9 foreign=9
[map,coarse,locality,vic=0] PSSTATS loc=5 executed=1253 dealt=1250 steals=5 foreign=5
[map,coarse,locality,vic=0] PSSTATS loc=6 executed=1252 dealt=1250 steals=5 foreign=5
[map,coarse,locality,vic=0] PSSTATS loc=7 executed=1251 dealt=1250 steals=7 foreign=7
[map,coarse,locality,vic=0] PSSTATS loc=8 executed=1248 dealt=1250 steals=2 foreign=2
[map,coarse,locality,vic=0] PSSTATS loc=9 executed=1249 dealt=1250 steals=6 foreign=6
[map,coarse,locality,vic=0] PSSTATS loc=10 executed=1247 dealt=1250 steals=1 foreign=1
[map,coarse,locality,vic=0] PSSTATS loc=11 executed=1247 dealt=1250 steals=1 foreign=1
[map,coarse,locality,vic=1] PSSTATS sched=locality dist=coarse locs=12 threads=12
[map,coarse,locality,vic=1] PSSTATS loc=0 executed=1481 dealt=1500 steals=9 foreign=9
[map,coarse,locality,vic=1] PSSTATS loc=1 executed=1507 dealt=1500 steals=21 foreign=21
[map,coarse,locality,vic=1] PSSTATS loc=2 executed=1498 dealt=1500 steals=19 foreign=19
[map,coarse,locality,vic=1] PSSTATS loc=3 executed=1237 dealt=1250 steals=13 foreign=13
[map,coarse,locality,vic=1] PSSTATS loc=4 executed=1272 dealt=1250 steals=23 foreign=23
[map,coarse,locality,vic=1] PSSTATS loc=5 executed=1239 dealt=1250 steals=5 foreign=5
[map,coarse,locality,vic=1] PSSTATS loc=6 executed=1247 dealt=1250 steals=9 foreign=9
[map,coarse,locality,vic=1] PSSTATS loc=7 executed=1252 dealt=1250 steals=7 foreign=7
[map,coarse,locality,vic=1] PSSTATS loc=8 executed=1254 dealt=1250 steals=4 foreign=4
[map,coarse,locality,vic=1] PSSTATS loc=9 executed=1254 dealt=1250 steals=6 foreign=6
[map,coarse,locality,vic=1] PSSTATS loc=10 executed=1246 dealt=1250 steals=6 foreign=6
[map,coarse,locality,vic=1] PSSTATS loc=11 executed=1263 dealt=1250 steals=20 foreign=20
[map,coarse,locality,vic=2] PSSTATS sched=locality dist=coarse locs=12 threads=12
[map,coarse,locality,vic=2] PSSTATS loc=0 executed=1497 dealt=1500 steals=4 foreign=4
[map,coarse,locality,vic=2] PSSTATS loc=1 executed=1502 dealt=1500 steals=4 foreign=4
[map,coarse,locality,vic=2] PSSTATS loc=2 executed=1498 dealt=1500 steals=5 foreign=5
[map,coarse,locality,vic=2] PSSTATS loc=3 executed=1254 dealt=1250 steals=8 foreign=8
[map,coarse,locality,vic=2] PSSTATS loc=4 executed=1253 dealt=1250 steals=7 foreign=7
[map,coarse,locality,vic=2] PSSTATS loc=5 executed=1247 dealt=1250 steals=1 foreign=1
[map,coarse,locality,vic=2] PSSTATS loc=6 executed=1253 dealt=1250 steals=8 foreign=8
[map,coarse,locality,vic=2] PSSTATS loc=7 executed=1248 dealt=1250 steals=2 foreign=2
[map,coarse,locality,vic=2] PSSTATS loc=8 executed=1248 dealt=1250 steals=5 foreign=5
[map,coarse,locality,vic=2] PSSTATS loc=9 executed=1250 dealt=1250 steals=4 foreign=4
[map,coarse,locality,vic=2] PSSTATS loc=10 executed=1244 dealt=1250 steals=5 foreign=5
[map,coarse,locality,vic=2] PSSTATS loc=11 executed=1256 dealt=1250 steals=10 foreign=10
[map,fine,locality,vic=0] PSSTATS sched=locality dist=fine locs=12 threads=12
[map,fine,locality,vic=0] PSSTATS loc=0 executed=1873 dealt=15750 steals=0 foreign=0
[map,fine,locality,vic=0] PSSTATS loc=1 executed=1459 dealt=0 steals=1459 foreign=0
[map,fine,locality,vic=0] PSSTATS loc=2 executed=1348 dealt=0 steals=1348 foreign=0
[map,fine,locality,vic=0] PSSTATS loc=3 executed=1316 dealt=0 steals=1316 foreign=0
[map,fine,locality,vic=0] PSSTATS loc=4 executed=1260 dealt=0 steals=1260 foreign=0
[map,fine,locality,vic=0] PSSTATS loc=5 executed=1323 dealt=0 steals=1323 foreign=0
[map,fine,locality,vic=0] PSSTATS loc=6 executed=1303 dealt=0 steals=1303 foreign=0
[map,fine,locality,vic=0] PSSTATS loc=7 executed=619 dealt=0 steals=619 foreign=0
[map,fine,locality,vic=0] PSSTATS loc=8 executed=1342 dealt=0 steals=1342 foreign=0
[map,fine,locality,vic=0] PSSTATS loc=9 executed=1309 dealt=0 steals=1309 foreign=0
[map,fine,locality,vic=0] PSSTATS loc=10 executed=1270 dealt=0 steals=1270 foreign=0
[map,fine,locality,vic=0] PSSTATS loc=11 executed=1328 dealt=0 steals=1328 foreign=0
[vecmul,coarse,standard,vic=0] PSSTATS sched=standard dist=coarse locs=12 threads=12
[vecmul,coarse,standard,vic=0] PSSTATS loc=0 executed=2432 dealt=25600 steals=0 foreign=1999
[vecmul,coarse,standard,vic=0] PSSTATS loc=1 executed=2124 dealt=0 steals=2124 foreign=1926
[vecmul,coarse,standard,vic=0] PSSTATS loc=2 executed=2144 dealt=0 steals=2144 foreign=1987
[vecmul,coarse,standard,vic=0] PSSTATS loc=3 executed=2108 dealt=0 steals=2108 foreign=1927
[vecmul,coarse,standard,vic=0] PSSTATS loc=4 executed=2141 dealt=0 steals=2141 foreign=1958
[vecmul,coarse,standard,vic=0] PSSTATS loc=5 executed=2102 dealt=0 steals=2102 foreign=1948
[vecmul,coarse,standard,vic=0] PSSTATS loc=6 executed=2146 dealt=0 steals=2146 foreign=1956
[vecmul,coarse,standard,vic=0] PSSTATS loc=7 executed=2136 dealt=0 steals=2136 foreign=1970
[vecmul,coarse,standard,vic=0] PSSTATS loc=8 executed=1971 dealt=0 steals=1971 foreign=1804
[vecmul,coarse,standard,vic=0] PSSTATS loc=9 executed=2088 dealt=0 steals=2088 foreign=1903
[vecmul,coarse,standard,vic=0] PSSTATS loc=10 executed=2154 dealt=0 steals=2154 foreign=2011
[vecmul,coarse,standard,vic=0] PSSTATS loc=11 executed=2054 dealt=0 steals=2054 foreign=1823
[vecmul,coarse,locality,vic=0] PSSTATS sched=locality dist=coarse locs=12 threads=12
[vecmul,coarse,locality,vic=0] PSSTATS loc=0 executed=2205 dealt=2200 steals=25 foreign=25
[vecmul,coarse,locality,vic=0] PSSTATS loc=1 executed=2223 dealt=2200 steals=36 foreign=36
[vecmul,coarse,locality,vic=0] PSSTATS loc=2 executed=2182 dealt=2200 steals=18 foreign=18
[vecmul,coarse,locality,vic=0] PSSTATS loc=3 executed=2190 dealt=2200 steals=5 foreign=5
[vecmul,coarse,locality,vic=0] PSSTATS loc=4 executed=2210 dealt=2200 steals=30 foreign=30
[vecmul,coarse,locality,vic=0] PSSTATS loc=5 executed=2159 dealt=2200 steals=9 foreign=9
[vecmul,coarse,locality,vic=0] PSSTATS loc=6 executed=2188 dealt=2200 steals=2 foreign=2
[vecmul,coarse,locality,vic=0] PSSTATS loc=7 executed=2165 dealt=2200 steals=8 foreign=8
[vecmul,coarse,locality,vic=0] PSSTATS loc=8 executed=2051 dealt=2000 steals=61 foreign=61
[vecmul,coarse,locality,vic=0] PSSTATS loc=9 executed=2008 dealt=2000 steals=19 foreign=19
[vecmul,coarse,locality,vic=0] PSSTATS loc=10 executed=2015 dealt=2000 steals=22 foreign=22
[vecmul,coarse,locality,vic=0] PSSTATS loc=11 executed=2004 dealt=2000 steals=17 foreign=17
[vecmul,coarse,locality,vic=1] PSSTATS sched=locality dist=coarse locs=12 threads=12
[vecmul,coarse,locality,vic=1] PSSTATS loc=0 executed=2200 dealt=2200 steals=30 foreign=30
[vecmul,coarse,locality,vic=1] PSSTATS loc=1 executed=2197 dealt=2200 steals=16 foreign=16
[vecmul,coarse,locality,vic=1] PSSTATS loc=2 executed=2207 dealt=2200 steals=10 foreign=10
[vecmul,coarse,locality,vic=1] PSSTATS loc=3 executed=2193 dealt=2200 steals=5 foreign=5
[vecmul,coarse,locality,vic=1] PSSTATS loc=4 executed=2204 dealt=2200 steals=9 foreign=9
[vecmul,coarse,locality,vic=1] PSSTATS loc=5 executed=2195 dealt=2200 steals=8 foreign=8
[vecmul,coarse,locality,vic=1] PSSTATS loc=6 executed=2199 dealt=2200 steals=16 foreign=16
[vecmul,coarse,locality,vic=1] PSSTATS loc=7 executed=2203 dealt=2200 steals=11 foreign=11
[vecmul,coarse,locality,vic=1] PSSTATS loc=8 executed=1999 dealt=2000 steals=1 foreign=1
[vecmul,coarse,locality,vic=1] PSSTATS loc=9 executed=2001 dealt=2000 steals=1 foreign=1
[vecmul,coarse,locality,vic=1] PSSTATS loc=10 executed=2001 dealt=2000 steals=1 foreign=1
[vecmul,coarse,locality,vic=1] PSSTATS loc=11 executed=2001 dealt=2000 steals=16 foreign=16
[vecmul,coarse,locality,vic=2] PSSTATS sched=locality dist=coarse locs=12 threads=12
[vecmul,coarse,locality,vic=2] PSSTATS loc=0 executed=2193 dealt=2200 steals=11 foreign=11
[vecmul,coarse,locality,vic=2] PSSTATS loc=1 executed=2203 dealt=2200 steals=12 foreign=12
[vecmul,coarse,locality,vic=2] PSSTATS loc=2 executed=2216 dealt=2200 steals=19 foreign=19
[vecmul,coarse,locality,vic=2] PSSTATS loc=3 executed=2184 dealt=2200 steals=27 foreign=27
[vecmul,coarse,locality,vic=2] PSSTATS loc=4 executed=2206 dealt=2200 steals=22 foreign=22
[vecmul,coarse,locality,vic=2] PSSTATS loc=5 executed=2194 dealt=2200 steals=14 foreign=14
[vecmul,coarse,locality,vic=2] PSSTATS loc=6 executed=2199 dealt=2200 steals=5 foreign=5
[vecmul,coarse,locality,vic=2] PSSTATS loc=7 executed=2166 dealt=2200 steals=1 foreign=1
[vecmul,coarse,locality,vic=2] PSSTATS loc=8 executed=2021 dealt=2000 steals=23 foreign=23
[vecmul,coarse,locality,vic=2] PSSTATS loc=9 executed=2012 dealt=2000 steals=14 foreign=14
[vecmul,coarse,locality,vic=2] PSSTATS loc=10 executed=2008 dealt=2000 steals=9 foreign=9
[vecmul,coarse,locality,vic=2] PSSTATS loc=11 executed=1998 dealt=2000 steals=5 foreign=5
[vecmul,fine,locality,vic=0] PSSTATS sched=locality dist=fine locs=12 threads=12
[vecmul,fine,locality,vic=0] PSSTATS loc=0 executed=2387 dealt=25600 steals=0 foreign=0
[vecmul,fine,locality,vic=0] PSSTATS loc=1 executed=2085 dealt=0 steals=2085 foreign=0
[vecmul,fine,locality,vic=0] PSSTATS loc=2 executed=2149 dealt=0 steals=2149 foreign=0
[vecmul,fine,locality,vic=0] PSSTATS loc=3 executed=2162 dealt=0 steals=2162 foreign=0
[vecmul,fine,locality,vic=0] PSSTATS loc=4 executed=2122 dealt=0 steals=2122 foreign=0
[vecmul,fine,locality,vic=0] PSSTATS loc=5 executed=2044 dealt=0 steals=2044 foreign=0
[vecmul,fine,locality,vic=0] PSSTATS loc=6 executed=2095 dealt=0 steals=2095 foreign=0
[vecmul,fine,locality,vic=0] PSSTATS loc=7 executed=2111 dealt=0 steals=2111 foreign=0
[vecmul,fine,locality,vic=0] PSSTATS loc=8 executed=2157 dealt=0 steals=2157 foreign=0
[vecmul,fine,locality,vic=0] PSSTATS loc=9 executed=2137 dealt=0 steals=2137 foreign=0
[vecmul,fine,locality,vic=0] PSSTATS loc=10 executed=2127 dealt=0 steals=2127 foreign=0
[vecmul,fine,locality,vic=0] PSSTATS loc=11 executed=2024 dealt=0 steals=2024 foreign=0
[reduction,coarse,standard,vic=0] PSSTATS sched=standard dist=coarse locs=12 threads=12
[reduction,coarse,standard,vic=0] PSSTATS loc=0 executed=113 dealt=1023 steals=0 foreign=33
[reduction,coarse,standard,vic=0] PSSTATS loc=1 executed=91 dealt=0 steals=91 foreign=59
[reduction,coarse,standard,vic=0] PSSTATS loc=2 executed=94 dealt=0 steals=94 foreign=94
[reduction,coarse,standard,vic=0] PSSTATS loc=3 executed=70 dealt=0 steals=70 foreign=70
[reduction,coarse,standard,vic=0] PSSTATS loc=4 executed=75 dealt=0 steals=75 foreign=75
[reduction,coarse,standard,vic=0] PSSTATS loc=5 executed=84 dealt=0 steals=84 foreign=84
[reduction,coarse,standard,vic=0] PSSTATS loc=6 executed=87 dealt=0 steals=87 foreign=87
[reduction,coarse,standard,vic=0] PSSTATS loc=7 executed=87 dealt=0 steals=87 foreign=87
[reduction,coarse,standard,vic=0] PSSTATS loc=8 executed=57 dealt=0 steals=57 foreign=57
[reduction,coarse,standard,vic=0] PSSTATS loc=9 executed=72 dealt=0 steals=72 foreign=72
[reduction,coarse,standard,vic=0] PSSTATS loc=10 executed=98 dealt=0 steals=98 foreign=98
[reduction,coarse,standard,vic=0] PSSTATS loc=11 executed=95 dealt=0 steals=95 foreign=95
[reduction,coarse,locality,vic=0] PSSTATS sched=locality dist=coarse locs=12 threads=12
[reduction,coarse,locality,vic=0] PSSTATS loc=0 executed=93 dealt=682 steals=27 foreign=27
[reduction,coarse,locality,vic=0] PSSTATS loc=1 executed=93 dealt=341 steals=60 foreign=60
[reduction,coarse,locality,vic=0] PSSTATS loc=2 executed=86 dealt=0 steals=86 foreign=86
[reduction,coarse,locality,vic=0] PSSTATS loc=3 executed=86 dealt=0 steals=86 foreign=86
[reduction,coarse,locality,vic=0] PSSTATS loc=4 executed=86 dealt=0 steals=86 foreign=86
[reduction,coarse,locality,vic=0] PSSTATS loc=5 executed=80 dealt=0 steals=80 foreign=80
[reduction,coarse,locality,vic=0] PSSTATS loc=6 executed=89 dealt=0 steals=89 foreign=89
[reduction,coarse,locality,vic=0] PSSTATS loc=7 executed=57 dealt=0 steals=57 foreign=57
[reduction,coarse,locality,vic=0] PSSTATS loc=8 executed=91 dealt=0 steals=91 foreign=91
[reduction,coarse,locality,vic=0] PSSTATS loc=9 executed=92 dealt=0 steals=92 foreign=92
[reduction,coarse,locality,vic=0] PSSTATS loc=10 executed=85 dealt=0 steals=85 foreign=85
[reduction,coarse,locality,vic=0] PSSTATS loc=11 executed=85 dealt=0 steals=85 foreign=85
[reduction,coarse,locality,vic=1] PSSTATS sched=locality dist=coarse locs=12 threads=12
[reduction,coarse,locality,vic=1] PSSTATS loc=0 executed=349 dealt=682 steals=111 foreign=111
[reduction,coarse,locality,vic=1] PSSTATS loc=1 executed=343 dealt=341 steals=225 foreign=225
[reduction,coarse,locality,vic=1] PSSTATS loc=2 executed=112 dealt=0 steals=112 foreign=112
[reduction,coarse,locality,vic=1] PSSTATS loc=3 executed=0 dealt=0 steals=0 foreign=0
[reduction,coarse,locality,vic=1] PSSTATS loc=4 executed=0 dealt=0 steals=0 foreign=0
[reduction,coarse,locality,vic=1] PSSTATS loc=5 executed=0 dealt=0 steals=0 foreign=0
[reduction,coarse,locality,vic=1] PSSTATS loc=6 executed=0 dealt=0 steals=0 foreign=0
[reduction,coarse,locality,vic=1] PSSTATS loc=7 executed=0 dealt=0 steals=0 foreign=0
[reduction,coarse,locality,vic=1] PSSTATS loc=8 executed=0 dealt=0 steals=0 foreign=0
[reduction,coarse,locality,vic=1] PSSTATS loc=9 executed=0 dealt=0 steals=0 foreign=0
[reduction,coarse,locality,vic=1] PSSTATS loc=10 executed=0 dealt=0 steals=0 foreign=0
[reduction,coarse,locality,vic=1] PSSTATS loc=11 executed=219 dealt=0 steals=219 foreign=219
[reduction,coarse,locality,vic=2] PSSTATS sched=locality dist=coarse locs=12 threads=12
[reduction,coarse,locality,vic=2] PSSTATS loc=0 executed=210 dealt=682 steals=67 foreign=67
[reduction,coarse,locality,vic=2] PSSTATS loc=1 executed=209 dealt=341 steals=135 foreign=135
[reduction,coarse,locality,vic=2] PSSTATS loc=2 executed=206 dealt=0 steals=206 foreign=206
[reduction,coarse,locality,vic=2] PSSTATS loc=3 executed=66 dealt=0 steals=66 foreign=66
[reduction,coarse,locality,vic=2] PSSTATS loc=4 executed=0 dealt=0 steals=0 foreign=0
[reduction,coarse,locality,vic=2] PSSTATS loc=5 executed=0 dealt=0 steals=0 foreign=0
[reduction,coarse,locality,vic=2] PSSTATS loc=6 executed=0 dealt=0 steals=0 foreign=0
[reduction,coarse,locality,vic=2] PSSTATS loc=7 executed=0 dealt=0 steals=0 foreign=0
[reduction,coarse,locality,vic=2] PSSTATS loc=8 executed=0 dealt=0 steals=0 foreign=0
[reduction,coarse,locality,vic=2] PSSTATS loc=9 executed=0 dealt=0 steals=0 foreign=0
[reduction,coarse,locality,vic=2] PSSTATS loc=10 executed=132 dealt=0 steals=132 foreign=132
[reduction,coarse,locality,vic=2] PSSTATS loc=11 executed=200 dealt=0 steals=200 foreign=200
[reduction,fine,locality,vic=0] PSSTATS sched=locality dist=fine locs=12 threads=12
[reduction,fine,locality,vic=0] PSSTATS loc=0 executed=101 dealt=1023 steals=0 foreign=0
[reduction,fine,locality,vic=0] PSSTATS loc=1 executed=91 dealt=0 steals=91 foreign=0
[reduction,fine,locality,vic=0] PSSTATS loc=2 executed=72 dealt=0 steals=72 foreign=0
[reduction,fine,locality,vic=0] PSSTATS loc=3 executed=89 dealt=0 steals=89 foreign=0
[reduction,fine,locality,vic=0] PSSTATS loc=4 executed=90 dealt=0 steals=90 foreign=0
[reduction,fine,locality,vic=0] PSSTATS loc=5 executed=48 dealt=0 steals=48 foreign=0
[reduction,fine,locality,vic=0] PSSTATS loc=6 executed=92 dealt=0 steals=92 foreign=0
[reduction,fine,locality,vic=0] PSSTATS loc=7 executed=86 dealt=0 steals=86 foreign=0
[reduction,fine,locality,vic=0] PSSTATS loc=8 executed=88 dealt=0 steals=88 foreign=0
[reduction,fine,locality,vic=0] PSSTATS loc=9 executed=87 dealt=0 steals=87 foreign=0
[reduction,fine,locality,vic=0] PSSTATS loc=10 executed=90 dealt=0 steals=90 foreign=0
[reduction,fine,locality,vic=0] PSSTATS loc=11 executed=89 dealt=0 steals=89 foreign=0
[matmul,coarse,standard,vic=0] PSSTATS sched=standard dist=coarse locs=12 threads=12
[matmul,coarse,standard,vic=0] PSSTATS loc=0 executed=23 dealt=256 steals=0 foreign=0
[matmul,coarse,standard,vic=0] PSSTATS loc=1 executed=22 dealt=0 steals=22 foreign=22
[matmul,coarse,standard,vic=0] PSSTATS loc=2 executed=22 dealt=0 steals=22 foreign=22
[matmul,coarse,standard,vic=0] PSSTATS loc=3 executed=21 dealt=0 steals=21 foreign=21
[matmul,coarse,standard,vic=0] PSSTATS loc=4 executed=23 dealt=0 steals=23 foreign=23
[matmul,coarse,standard,vic=0] PSSTATS loc=5 executed=21 dealt=0 steals=21 foreign=21
[matmul,coarse,standard,vic=0] PSSTATS loc=6 executed=22 dealt=0 steals=22 foreign=22
[matmul,coarse,standard,vic=0] PSSTATS loc=7 executed=22 dealt=0 steals=22 foreign=22
[matmul,coarse,standard,vic=0] PSSTATS loc=8 executed=22 dealt=0 steals=22 foreign=22
[matmul,coarse,standard,vic=0] PSSTATS loc=9 executed=21 dealt=0 steals=21 foreign=21
[matmul,coarse,standard,vic=0] PSSTATS loc=10 executed=14 dealt=0 steals=14 foreign=14
[matmul,coarse,standard,vic=0] PSSTATS loc=11 executed=23 dealt=0 steals=23 foreign=23
[matmul,coarse,locality,vic=0] PSSTATS sched=locality dist=coarse locs=12 threads=12
[matmul,coarse,locality,vic=0] PSSTATS loc=0 executed=22 dealt=256 steals=0 foreign=0
[matmul,coarse,locality,vic=0] PSSTATS loc=1 executed=23 dealt=0 steals=23 foreign=23
[matmul,coarse,locality,vic=0] PSSTATS loc=2 executed=18 dealt=0 steals=18 foreign=18
[matmul,coarse,locality,vic=0] PSSTATS loc=3 executed=23 dealt=0 steals=23 foreign=23
[matmul,coarse,locality,vic=0] PSSTATS loc=4 executed=23 dealt=0 steals=23 foreign=23
[matmul,coarse,locality,vic=0] PSSTATS loc=5 executed=22 dealt=0 steals=22 foreign=22
[matmul,coarse,locality,vic=0] PSSTATS loc=6 executed=23 dealt=0 steals=23 foreign=23
[matmul,coarse,locality,vic=0] PSSTATS loc=7 executed=23 dealt=0 steals=23 foreign=23
[matmul,coarse,locality,vic=0] PSSTATS loc=8 executed=23 dealt=0 steals=23 foreign=23
[matmul,coarse,locality,vic=0] PSSTATS loc=9 executed=21 dealt=0 steals=21 foreign=21
[matmul,coarse,locality,vic=0] PSSTATS loc=10 executed=12 dealt=0 steals=12 foreign=12
[matmul,coarse,locality,vic=0] PSSTATS loc=11 executed=23 dealt=0 steals=23 foreign=23
[matmul,coarse,locality,vic=1] PSSTATS sched=locality dist=coarse locs=12 threads=12
[matmul,coarse,locality,vic=1] PSSTATS loc=0 executed=86 dealt=256 steals=0 foreign=0
[matmul,coarse,locality,vic=1] PSSTATS loc=1 executed=85 dealt=0 steals=85 foreign=85
[matmul,coarse,locality,vic=1] PSSTATS loc=2 executed=0 dealt=0 steals=0 foreign=0
[matmul,coarse,locality,vic=1] PSSTATS loc=3 executed=0 dealt=0 steals=0 foreign=0
[matmul,coarse,locality,vic=1] PSSTATS loc=4 executed=0 dealt=0 steals=0 foreign=0
[matmul,coarse,locality,vic=1] PSSTATS loc=5 executed=0 dealt=0 steals=0 foreign=0
[matmul,coarse,locality,vic=1] PSSTATS loc=6 executed=0 dealt=0 steals=0 foreign=0
[matmul,coarse,locality,vic=1] PSSTATS loc=7 executed=0 dealt=0 steals=0 foreign=0
[matmul,coarse,locality,vic=1] PSSTATS loc=8 executed=0 dealt=0 steals=0 foreign=0
[matmul,coarse,locality,vic=1] PSSTATS loc=9 executed=0 dealt=0 steals=0 foreign=0
[matmul,coarse,locality,vic=1] PSSTATS loc=10 executed=0 dealt=0 steals=0 foreign=0
[matmul,coarse,locality,vic=1] PSSTATS loc=11 executed=85 dealt=0 steals=85 foreign=85
[matmul,coarse,locality,vic=2] PSSTATS sched=locality dist=coarse locs=12 threads=12
[matmul,coarse,locality,vic=2] PSSTATS loc=0 executed=52 dealt=256 steals=0 foreign=0
[matmul,coarse,locality,vic=2] PSSTATS loc=1 executed=52 dealt=0 steals=52 foreign=52
[matmul,coarse,locality,vic=2] PSSTATS loc=2 executed=50 dealt=0 steals=50 foreign=50
[matmul,coarse,locality,vic=2] PSSTATS loc=3 executed=0 dealt=0 steals=0 foreign=0
[matmul,coarse,locality,vic=2] PSSTATS loc=4 executed=0 dealt=0 steals=0 foreign=0
[matmul,coarse,locality,vic=2] PSSTATS loc=5 executed=0 dealt=0 steals=0 foreign=0
[matmul,coarse,locality,vic=2] PSSTATS loc=6 executed=0 dealt=0 steals=0 foreign=0
[matmul,coarse,locality,vic=2] PSSTATS loc=7 executed=0 dealt=0 steals=0 foreign=0
[matmul,coarse,locality,vic=2] PSSTATS loc=8 executed=0 dealt=0 steals=0 foreign=0
[matmul,coarse,locality,vic=2] PSSTATS loc=9 executed=0 dealt=0 steals=0 foreign=0
[matmul,coarse,locality,vic=2] PSSTATS loc=10 executed=50 dealt=0 steals=50 foreign=50
[matmul,coarse,locality,vic=2] PSSTATS loc=11 executed=52 dealt=0 steals=52 foreign=52
[matmul,fine,locality,vic=0] PSSTATS sched=locality dist=fine locs=12 threads=12
[matmul,fine,locality,vic=0] PSSTATS loc=0 executed=22 dealt=256 steals=0 foreign=0
[matmul,fine,locality,vic=0] PSSTATS loc=1 executed=20 dealt=0 steals=20 foreign=0
[matmul,fine,locality,vic=0] PSSTATS loc=2 executed=22 dealt=0 steals=22 foreign=0
[matmul,fine,locality,vic=0] PSSTATS loc=3 executed=20 dealt=0 steals=20 foreign=0
[matmul,fine,locality,vic=0] PSSTATS loc=4 executed=21 dealt=0 steals=21 foreign=0
[matmul,fine,locality,vic=0] PSSTATS loc=5 executed=22 dealt=0 steals=22 foreign=0
[matmul,fine,locality,vic=0] PSSTATS loc=6 executed=22 dealt=0 steals=22 foreign=0
[matmul,fine,locality,vic=0] PSSTATS loc=7 executed=22 dealt=0 steals=22 foreign=0
[matmul,fine,locality,vic=0] PSSTATS loc=8 executed=22 dealt=0 steals=22 foreign=0
[matmul,fine,locality,vic=0] PSSTATS loc=9 executed=20 dealt=0 steals=20 foreign=0
[matmul,fine,locality,vic=0] PSSTATS loc=10 executed=21 dealt=0 steals=21 foreign=0
[matmul,fine,locality,vic=0] PSSTATS loc=11 executed=22 dealt=0 steals=22 foreign=0
[map,coarse,standard,vic=0] PSSTATS sched=standard dist=coarse locs=12 threads=12
[map,coarse,standard,vic=0] PSSTATS loc=0 executed=1852 dealt=15750 steals=0 foreign=1589
[map,coarse,standard,vic=0] PSSTATS loc=1 executed=1293 dealt=0 steals=1293 foreign=1159
[map,coarse,standard,vic=0] PSSTATS loc=2 executed=1286 dealt=0 steals=1286 foreign=1184
[map,coarse,standard,vic=0] PSSTATS loc=3 executed=1284 dealt=0 steals=1284 foreign=1162
[map,coarse,standard,vic=0] PSSTATS loc=4 executed=1207 dealt=0 steals=1207 foreign=1106
[map,coarse,standard,vic=0] PSSTATS loc=5 executed=1286 dealt=0 steals=1286 foreign=1176
[map,coarse,standard,vic=0] PSSTATS loc=6 executed=1271 dealt=0 steals=1271 foreign=1167
[map,coarse,standard,vic=0] PSSTATS loc=7 executed=1295 dealt=0 steals=1295 foreign=1203
[map,coarse,standard,vic=0] PSSTATS loc=8 executed=1308 dealt=0 steals=1308 foreign=1182
[map,coarse,standard,vic=0] PSSTATS loc=9 executed=1282 dealt=0 steals=1282 foreign=1189
[map,coarse,standard,vic=0] PSSTATS loc=10 executed=1217 dealt=0 steals=1217 foreign=1103
[map,coarse,standard,vic=0] PSSTATS loc=11 executed=1169 dealt=0 steals=1169 foreign=1080
[map,coarse,locality,vic=0] PSSTATS sched=locality dist=coarse locs=12 threads=12
[map,coarse,locality,vic=0] PSSTATS loc=0 executed=1503 dealt=1500 steals=18 foreign=18
[map,coarse,locality,vic=0] PSSTATS loc=1 executed=1485 dealt=1500 steals=2 foreign=2
[map,coarse,locality,vic=0] PSSTATS loc=2 executed=1495 dealt=1500 steals=4 foreign=4
[map,coarse,locality,vic=0] PSSTATS loc=3 executed=1322 dealt=1250 steals=75 foreign=75
[map,coarse,locality,vic=0] PSSTATS loc=4 executed=1273 dealt=1250 steals=33 foreign=33
[map,coarse,locality,vic=0] PSSTATS loc=5 executed=1270 dealt=1250 steals=27 foreign=27
[map,coarse,locality,vic=0] PSSTATS loc=6 executed=1256 dealt=1250 steals=17 foreign=17
[map,coarse,locality,vic=0] PSSTATS loc=7 executed=1250 dealt=1250 steals=10 foreign=10
[map,coarse,locality,vic=0] PSSTATS loc=8 executed=1256 dealt=1250 steals=9 foreign=9
[map,coarse,locality,vic=0] PSSTATS loc=9 executed=1112 dealt=1250 steals=8 foreign=8
[map,coarse,locality,vic=0] PSSTATS loc=10 executed=1270 dealt=1250 steals=22 foreign=22
[map,coarse,locality,vic=0] PSSTATS loc=11 executed=1258 dealt=1250 steals=12 foreign=12
[map,coarse,locality,vic=1] PSSTATS sched=locality dist=coarse locs=12 threads=12
[map,coarse,locality,vic=1] PSSTATS loc=0 executed=1501 dealt=1500 steals=4 foreign=4
[map,coarse,locality,vic=1] PSSTATS loc=1 executed=1498 dealt=1500 steals=2 foreign=2
[map,coarse,locality,vic=1] PSSTATS loc=2 executed=1500 dealt=1500 steals=4 foreign=4
[map,coarse,locality,vic=1] PSSTATS loc=3 executed=1253 dealt=1250 steals=6 foreign=6
[map,coarse,locality,vic=1] PSSTATS loc=4 executed=1327 dealt=1250 steals=80 foreign=80
[map,coarse,locality,vic=1] PSSTATS loc=5 executed=1091 dealt=1250 steals=1 foreign=1
[map,coarse,locality,vic=1] PSSTATS loc=6 executed=1326 dealt=1250 steals=83 foreign=83
[map,coarse,locality,vic=1] PSSTATS loc=7 executed=1259 dealt=1250 steals=10 foreign=10
[map,coarse,locality,vic=1] PSSTATS loc=8 executed=1243 dealt=1250 steals=0 foreign=0
[map,coarse,locality,vic=1] PSSTATS loc=9 executed=1254 dealt=1250 steals=5 foreign=5
[map,coarse,locality,vic=1] PSSTATS loc=10 executed=1249 dealt=1250 steals=2 foreign=2
[map,coarse,locality,vic=1] PSSTATS loc=11 executed=1249 dealt=1250 steals=3 foreign=3
[map,coarse,locality,vic=2] PSSTATS sched=locality dist=coarse locs=12 threads=12
[map,coarse,locality,vic=2] PSSTATS loc=0 executed=1495 dealt=1500 steals=5 foreign=5
[map,coarse,locality,vic=2] PSSTATS loc=1 executed=1500 dealt=1500 steals=6 foreign=6
[map,coarse,locality,vic=2] PSSTATS loc=2 executed=1486 dealt=1500 steals=3 foreign=3
[map,coarse,locality,vic=2] PSSTATS loc=3 executed=1265 dealt=1250 steals=15 foreign=15
[map,coarse,locality,vic=2] PSSTATS loc=4 executed=1255 dealt=1250 steals=11 foreign=11
[map,coarse,locality,vic=2] PSSTATS loc=5 executed=1248 dealt=1250 steals=4 foreign=4
[map,coarse,locality,vic=2] PSSTATS loc=6 executed=1243 dealt=1250 steals=5 foreign=5
[map,coarse,locality,vic=2] PSSTATS loc=7 executed=1255 dealt=1250 steals=7 foreign=7
[map,coarse,locality,vic=2] PSSTATS loc=8 executed=1251 dealt=1250 steals=5 foreign=5
[map,coarse,locality,vic=2] PSSTATS loc=9 executed=1245 dealt=1250 steals=3 foreign=3
[map,coarse,locality,vic=2] PSSTATS loc=10 executed=1256 dealt=1250 steals=6 foreign=6
[map,coarse,locality,vic=2] PSSTATS loc=11 executed=1251 dealt=1250 steals=7 foreign=7
[map,fine,locality,vic=0] PSSTATS sched=locality dist=fine locs=12 threads=12
[map,fine,locality,vic=0] PSSTATS loc=0 executed=1910 dealt=15750 steals=0 foreign=0
[map,fine,locality,vic=0] PSSTATS loc=1 executed=1224 dealt=0 steals=1224 foreign=0
[map,fine,locality,vic=0] PSSTATS loc=2 executed=1246 dealt=0 steals=1246 foreign=0
[map,fine,locality,vic=0] PSSTATS loc=3 executed=1294 dealt=0 steals=1294 foreign=0
[map,fine,locality,vic=0] PSSTATS loc=4 executed=1247 dealt=0 steals=1247 foreign=0
[map,fine,locality,vic=0] PSSTATS loc=5 executed=1278 dealt=0 steals=1278 foreign=0
[map,fine,locality,vic=0] PSSTATS loc=6 executed=1276 dealt=0 steals=1276 foreign=0
[map,fine,locality,vic=0] PSSTATS loc=7 executed=1280 dealt=0 steals=1280 foreign=0
[map,fine,locality,vic=0] PSSTATS loc=8 executed=1314 dealt=0 steals=1314 foreign=0
[map,fine,locality,vic=0] PSSTATS loc=9 executed=1214 dealt=0 steals=1214 foreign=0
[map,fine,locality,vic=0] PSSTATS loc=10 executed=1171 dealt=0 steals=1171 foreign=0
[map,fine,locality,vic=0] PSSTATS loc=11 executed=1296 dealt=0 steals=1296 foreign=0
[vecmul,coarse,standard,vic=0] PSSTATS sched=standard dist=coarse locs=12 threads=12
[vecmul,coarse,standard,vic=0] PSSTATS loc=0 executed=2399 dealt=25600 steals=0 foreign=1922
[vecmul,coarse,standard,vic=0] PSSTATS loc=1 executed=2100 dealt=0 steals=2100 foreign=1910
[vecmul,coarse,standard,vic=0] PSSTATS loc=2 executed=2104 dealt=0 steals=2104 foreign=1921
[vecmul,coarse,standard,vic=0] PSSTATS loc=3 executed=2110 dealt=0 steals=2110 foreign=1959
[vecmul,coarse,standard,vic=0] PSSTATS loc=4 executed=2092 dealt=0 steals=2092 foreign=1932
[vecmul,coarse,standard,vic=0] PSSTATS loc=5 executed=2078 dealt=0 steals=2078 foreign=1831
[vecmul,coarse,standard,vic=0] PSSTATS loc=6 executed=2112 dealt=0 steals=2112 foreign=1905
[vecmul,coarse,standard,vic=0] PSSTATS loc=7 executed=2134 dealt=0 steals=2134 foreign=1950
[vecmul,coarse,standard,vic=0] PSSTATS loc=8 executed=2117 dealt=0 steals=2117 foreign=1915
[vecmul,coarse,standard,vic=0] PSSTATS loc=9 executed=2099 dealt=0 steals=2099 foreign=1919
[vecmul,coarse,standard,vic=0] PSSTATS loc=10 executed=2125 dealt=0 steals=2125 foreign=1967
[vecmul,coarse,standard,vic=0] PSSTATS loc=11 executed=2130 dealt=0 steals=2130 foreign=1999
[vecmul,coarse,locality,vic=0] PSSTATS sched=locality dist=coarse locs=12 threads=12
[vecmul,coarse,locality,vic=0] PSSTATS loc=0 executed=2184 dealt=2200 steals=68 foreign=68
[vecmul,coarse,locality,vic=0] PSSTATS loc=1 executed=2199 dealt=2200 steals=40 foreign=40
[vecmul,coarse,locality,vic=0] PSSTATS loc=2 executed=2189 dealt=2200 steals=23 foreign=23
[vecmul,coarse,locality,vic=0] PSSTATS loc=3 executed=2179 dealt=2200 steals=13 foreign=13
[vecmul,coarse,locality,vic=0] PSSTATS loc=4 executed=2196 dealt=2200 steals=13 foreign=13
[vecmul,coarse,locality,vic=0] PSSTATS loc=5 executed=2257 dealt=2200 steals=77 foreign=77
[vecmul,coarse,locality,vic=0] PSSTATS loc=6 executed=2179 dealt=2200 steals=27 foreign=27
[vecmul,coarse,locality,vic=0] PSSTATS loc=7 executed=2178 dealt=2200 steals=33 foreign=33
[vecmul,coarse,locality,vic=0] PSSTATS loc=8 executed=2066 dealt=2000 steals=94 foreign=94
[vecmul,coarse,locality,vic=0] PSSTATS loc=9 executed=2040 dealt=2000 steals=55 foreign=55
[vecmul,coarse,locality,vic=0] PSSTATS loc=10 executed=2037 dealt=2000 steals=47 foreign=47
[vecmul,coarse,locality,vic=0] PSSTATS loc=11 executed=1896 dealt=2000 steals=156 foreign=156
[vecmul,coarse,locality,vic=1] PSSTATS sched=locality dist=coarse locs=12 threads=12
[vecmul,coarse,locality,vic=1] PSSTATS loc=0 executed=2192 dealt=2200 steals=7 foreign=7
[vecmul,coarse,locality,vic=1] PSSTATS loc=1 executed=2195 dealt=2200 steals=2 foreign=2
[vecmul,coarse,locality,vic=1] PSSTATS loc=2 executed=2202 dealt=2200 steals=2 foreign=2
[vecmul,coarse,locality,vic=1] PSSTATS loc=3 executed=2202 dealt=2200 steals=2 foreign=2
[vecmul,coarse,locality,vic=1] PSSTATS loc=4 executed=2207 dealt=2200 steals=10 foreign=10
[vecmul,coarse,locality,vic=1] PSSTATS loc=5 executed=2194 dealt=2200 steals=11 foreign=11
[vecmul,coarse,locality,vic=1] PSSTATS loc=6 executed=2204 dealt=2200 steals=23 foreign=23
[vecmul,coarse,locality,vic=1] PSSTATS loc=7 executed=2153 dealt=2200 steals=10 foreign=10
[vecmul,coarse,locality,vic=1] PSSTATS loc=8 executed=2046 dealt=2000 steals=51 foreign=51
[vecmul,coarse,locality,vic=1] PSSTATS loc=9 executed=1993 dealt=2000 steals=5 foreign=5
[vecmul,coarse,locality,vic=1] PSSTATS loc=10 executed=2002 dealt=2000 steals=3 foreign=3
[vecmul,coarse,locality,vic=1] PSSTATS loc=11 executed=2010 dealt=2000 steals=13 foreign=13
[vecmul,coarse,locality,vic=2] PSSTATS sched=locality dist=coarse locs=12 threads=12
[vecmul,coarse,locality,vic=2] PSSTATS loc=0 executed=2186 dealt=2200 steals=19 foreign=19
[vecmul,coarse,locality,vic=2] PSSTATS loc=1 executed=2186 dealt=2200 steals=31 foreign=31
[vecmul,coarse,locality,vic=2] PSSTATS loc=2 executed=2209 dealt=2200 steals=25 foreign=25
[vecmul,coarse,locality,vic=2] PSSTATS loc=3 executed=2200 dealt=2200 steals=26 foreign=26
[vecmul,coarse,locality,vic=2] PSSTATS loc=4 executed=2208 dealt=2200 steals=32 foreign=32
[vecmul,coarse,locality,vic=2] PSSTATS loc=5 executed=2185 dealt=2200 steals=14 foreign=14
[vecmul,coarse,locality,vic=2] PSSTATS loc=6 executed=2180 dealt=2200 steals=18 foreign=18
[vecmul,coarse,locality,vic=2] PSSTATS loc=7 executed=2189 dealt=2200 steals=21 foreign=21
[vecmul,coarse,locality,vic=2] PSSTATS loc=8 executed=2028 dealt=2000 steals=51 foreign=51
[vecmul,coarse,locality,vic=2] PSSTATS loc=9 executed=2012 dealt=2000 steals=22 foreign=22
[vecmul,coarse,locality,vic=2] PSSTATS loc=10 executed=1998 dealt=2000 steals=41 foreign=41
[vecmul,coarse,locality,vic=2] PSSTATS loc=11 executed=2019 dealt=2000 steals=35 foreign=35
[vecmul,fine,locality,vic=0] PSSTATS sched=locality dist=fine locs=12 threads=12
[vecmul,fine,locality,vic=0] PSSTATS loc=0 executed=2406 dealt=25600 steals=0 foreign=0
[vecmul,fine,locality,vic=0] PSSTATS loc=1 executed=2118 dealt=0 steals=2118 foreign=0
[vecmul,fine,locality,vic=0] PSSTATS loc=2 executed=2138 dealt=0 steals=2138 foreign=0
[vecmul,fine,locality,vic=0] PSSTATS loc=3 executed=2124 dealt=0 steals=2124 foreign=0
[vecmul,fine,locality,vic=0] PSSTATS loc=4 executed=2118 dealt=0 steals=2118 foreign=0
[vecmul,fine,locality,vic=0] PSSTATS loc=5 executed=2011 dealt=0 steals=2011 foreign=0
[vecmul,fine,locality,vic=0] PSSTATS loc=6 executed=2155 dealt=0 steals=2155 foreign=0
[vecmul,fine,locality,vic=0] PSSTATS loc=7 executed=2129 dealt=0 steals=2129 foreign=0
[vecmul,fine,locality,vic=0] PSSTATS loc=8 executed=2052 dealt=0 steals=2052 foreign=0
[vecmul,fine,locality,vic=0] PSSTATS loc=9 executed=2106 dealt=0 steals=2106 foreign=0
[vecmul,fine,locality,vic=0] PSSTATS loc=10 executed=2122 dealt=0 steals=2122 foreign=0
[vecmul,fine,locality,vic=0] PSSTATS loc=11 executed=2121 dealt=0 steals=2121 foreign=0
[reduction,coarse,standard,vic=0] PSSTATS sched=standard dist=coarse locs=12 threads=12
[reduction,coarse,standard,vic=0] PSSTATS loc=0 executed=103 dealt=1023 steals=0 foreign=35
[reduction,coarse,standard,vic=0] PSSTATS loc=1 executed=92 dealt=0 steals=92 foreign=67
[reduction,coarse,standard,vic=0] PSSTATS loc=2 executed=78 dealt=0 steals=78 foreign=78
[reduction,coarse,standard,vic=0] PSSTATS loc=3 executed=91 dealt=0 steals=91 foreign=91
[reduction,coarse,standard,vic=0] PSSTATS loc=4 executed=81 dealt=0 steals=81 foreign=81
[reduction,coarse,standard,vic=0] PSSTATS loc=5 executed=81 dealt=0 steals=81 foreign=81
[reduction,coarse,standard,vic=0] PSSTATS loc=6 executed=84 dealt=0 steals=84 foreign=84
[reduction,coarse,standard,vic=0] PSSTATS loc=7 executed=83 dealt=0 steals=83 foreign=83
[reduction,coarse,standard,vic=0] PSSTATS loc=8 executed=81 dealt=0 steals=81 foreign=81
[reduction,coarse,standard,vic=0] PSSTATS loc=9 executed=78 dealt=0 steals=78 foreign=78
[reduction,coarse,standard,vic=0] PSSTATS loc=10 executed=93 dealt=0 steals=93 foreign=93
[reduction,coarse,standard,vic=0] PSSTATS loc=11 executed=78 dealt=0 steals=78 foreign=78
[reduction,coarse,locality,vic=0] PSSTATS sched=locality dist=coarse locs=12 threads=12
[reduction,coarse,locality,vic=0] PSSTATS loc=0 executed=84 dealt=682 steals=25 foreign=25
[reduction,coarse,locality,vic=0] PSSTATS loc=1 executed=86 dealt=341 steals=56 foreign=56
[reduction,coarse,locality,vic=0] PSSTATS loc=2 executed=88 dealt=0 steals=88 foreign=88
[reduction,coarse,locality,vic=0] PSSTATS loc=3 executed=82 dealt=0 steals=82 foreign=82
[reduction,coarse,locality,vic=0] PSSTATS loc=4 executed=76 dealt=0 steals=76 foreign=76
[reduction,coarse,locality,vic=0] PSSTATS loc=5 executed=87 dealt=0 steals=87 foreign=87
[reduction,coarse,locality,vic=0] PSSTATS loc=6 executed=88 dealt=0 steals=88 foreign=88
[reduction,coarse,locality,vic=0] PSSTATS loc=7 executed=87 dealt=0 steals=87 foreign=87
[reduction,coarse,locality,vic=0] PSSTATS loc=8 executed=90 dealt=0 steals=90 foreign=90
[reduction,coarse,locality,vic=0] PSSTATS loc=9 executed=88 dealt=0 steals=88 foreign=88
[reduction,coarse,locality,vic=0] PSSTATS loc=10 executed=82 dealt=0 steals=82 foreign=82
[reduction,coarse,locality,vic=0] PSSTATS loc=11 executed=85 dealt=0 steals=85 foreign=85
[reduction,coarse,locality,vic=1] PSSTATS sched=locality dist=coarse locs=12 threads=12
[reduction,coarse,locality,vic=1] PSSTATS loc=0 executed=358 dealt=682 steals=110 foreign=110
[reduction,coarse,locality,vic=1] PSSTATS loc=1 executed=316 dealt=341 steals=199 foreign=199
[reduction,coarse,locality,vic=1] PSSTATS loc=2 executed=114 dealt=0 steals=114 foreign=114
[reduction,coarse,locality,vic=1] PSSTATS loc=3 executed=0 dealt=0 steals=0 foreign=0
[reduction,coarse,locality,vic=1] PSSTATS loc=4 executed=0 dealt=0 steals=0 foreign=0
[reduction,coarse,locality,vic=1] PSSTATS loc=5 executed=0 dealt=0 steals=0 foreign=0
[reduction,coarse,locality,vic=1] PSSTATS loc=6 executed=0 dealt=0 steals=0 foreign=0
[reduction,coarse,locality,vic=1] PSSTATS loc=7 executed=0 dealt=0 steals=0 foreign=0
[reduction,coarse,locality,vic=1] PSSTATS loc=8 executed=0 dealt=0 steals=0 foreign=0
[reduction,coarse,locality,vic=1] PSSTATS loc=9 executed=0 dealt=0 steals=0 foreign=0
[reduction,coarse,locality,vic=1] PSSTATS loc=10 executed=0 dealt=0 steals=0 foreign=0
[reduction,coarse,locality,vic=1] PSSTATS loc=11 executed=235 dealt=0 steals=235 foreign=235
[reduction,coarse,locality,vic=2] PSSTATS sched=locality dist=coarse locs=12 threads=12
[reduction,coarse,locality,vic=2] PSSTATS loc=0 executed=213 dealt=682 steals=70 foreign=70
[reduction,coarse,locality,vic=2] PSSTATS loc=1 executed=206 dealt=341 steals=133 foreign=133
[reduction,coarse,locality,vic=2] PSSTATS loc=2 executed=196 dealt=0 steals=196 foreign=196
[reduction,coarse,locality,vic=2] PSSTATS loc=3 executed=69 dealt=0 steals=69 foreign=69
[reduction,coarse,locality,vic=2] PSSTATS loc=4 executed=0 dealt=0 steals=0 foreign=0
[reduction,coarse,locality,vic=2] PSSTATS loc=5 executed=0 dealt=0 steals=0 foreign=0
[reduction,coarse,locality,vic=2] PSSTATS loc=6 executed=0 dealt=0 steals=0 foreign=0
[reduction,coarse,locality,vic=2] PSSTATS loc=7 executed=0 dealt=0 steals=0 foreign=0
[reduction,coarse,locality,vic=2] PSSTATS loc=8 executed=0 dealt=0 steals=0 foreign=0
[reduction,coarse,locality,vic=2] PSSTATS loc=9 executed=0 dealt=0 steals=0 foreign=0
[reduction,coarse,locality,vic=2] PSSTATS loc=10 executed=136 dealt=0 steals=136 foreign=136
[reduction,coarse,locality,vic=2] PSSTATS loc=11 executed=203 dealt=0 steals=203 foreign=203
[reduction,fine,locality,vic=0] PSSTATS sched=locality dist=fine locs=12 threads=12
[reduction,fine,locality,vic=0] PSSTATS loc=0 executed=104 dealt=1023 steals=0 foreign=0
[reduction,fine,locality,vic=0] PSSTATS loc=1 executed=89 dealt=0 steals=89 foreign=0
[reduction,fine,locality,vic=0] PSSTATS loc=2 executed=87 dealt=0 steals=87 foreign=0
[reduction,fine,locality,vic=0] PSSTATS loc=3 executed=89 dealt=0 steals=89 foreign=0
[reduction,fine,locality,vic=0] PSSTATS loc=4 executed=89 dealt=0 steals=89 foreign=0
[reduction,fine,locality,vic=0] PSSTATS loc=5 executed=95 dealt=0 steals=95 foreign=0
[reduction,fine,locality,vic=0] PSSTATS loc=6 executed=90 dealt=0 steals=90 foreign=0
[reduction,fine,locality,vic=0] PSSTATS loc=7 executed=82 dealt=0 steals=82 foreign=0
[reduction,fine,locality,vic=0] PSSTATS loc=8 executed=96 dealt=0 steals=96 foreign=0
[reduction,fine,locality,vic=0] PSSTATS loc=9 executed=88 dealt=0 steals=88 foreign=0
[reduction,fine,locality,vic=0] PSSTATS loc=10 executed=65 dealt=0 steals=65 foreign=0
[reduction,fine,locality,vic=0] PSSTATS loc=11 executed=49 dealt=0 steals=49 foreign=0
[matmul,coarse,standard,vic=0] PSSTATS sched=standard dist=coarse locs=12 threads=12
[matmul,coarse,standard,vic=0] PSSTATS loc=0 executed=22 dealt=256 steals=0 foreign=0
[matmul,coarse,standard,vic=0] PSSTATS loc=1 executed=21 dealt=0 steals=21 foreign=21
[matmul,coarse,standard,vic=0] PSSTATS loc=2 executed=21 dealt=0 steals=21 foreign=21
[matmul,coarse,standard,vic=0] PSSTATS loc=3 executed=22 dealt=0 steals=22 foreign=22
[matmul,coarse,standard,vic=0] PSSTATS loc=4 executed=21 dealt=0 steals=21 foreign=21
[matmul,coarse,standard,vic=0] PSSTATS loc=5 executed=21 dealt=0 steals=21 foreign=21
[matmul,coarse,standard,vic=0] PSSTATS loc=6 executed=21 dealt=0 steals=21 foreign=21
[matmul,coarse,standard,vic=0] PSSTATS loc=7 executed=22 dealt=0 steals=22 foreign=22
[matmul,coarse,standard,vic=0] PSSTATS loc=8 executed=22 dealt=0 steals=22 foreign=22
[matmul,coarse,standard,vic=0] PSSTATS loc=9 executed=21 dealt=0 steals=21 foreign=21
[matmul,coarse,standard,vic=0] PSSTATS loc=10 executed=21 dealt=0 steals=21 foreign=21
[matmul,coarse,standard,vic=0] PSSTATS loc=11 executed=21 dealt=0 steals=21 foreign=21
[matmul,coarse,locality,vic=0] PSSTATS sched=locality dist=coarse locs=12 threads=12
[matmul,coarse,locality,vic=0] PSSTATS loc=0 executed=23 dealt=256 steals=0 foreign=0
[matmul,coarse,locality,vic=0] PSSTATS loc=1 executed=18 dealt=0 steals=18 foreign=18
[matmul,coarse,locality,vic=0] PSSTATS loc=2 executed=22 dealt=0 steals=22 foreign=22
[matmul,coarse,locality,vic=0] PSSTATS loc=3 executed=22 dealt=0 steals=22 foreign=22
[matmul,coarse,locality,vic=0] PSSTATS loc=4 executed=22 dealt=0 steals=22 foreign=22
[matmul,coarse,locality,vic=0] PSSTATS loc=5 executed=22 dealt=0 steals=22 foreign=22
[matmul,coarse,locality,vic=0] PSSTATS loc=6 executed=21 dealt=0 steals=21 foreign=21
[matmul,coarse,locality,vic=0] PSSTATS loc=7 executed=21 dealt=0 steals=21 foreign=21
[matmul,coarse,locality,vic=0] PSSTATS loc=8 executed=22 dealt=0 steals=22 foreign=22
[matmul,coarse,locality,vic=0] PSSTATS loc=9 executed=21 dealt=0 steals=21 foreign=21
[matmul,coarse,locality,vic=0] PSSTATS loc=10 executed=21 dealt=0 steals=21 foreign=21
[matmul,coarse,locality,vic=0] PSSTATS loc=11 executed=21 dealt=0 steals=21 foreign=21
[matmul,coarse,locality,vic=1] PSSTATS sched=locality dist=coarse locs=12 threads=12
[matmul,coarse,locality,vic=1] PSSTATS loc=0 executed=86 dealt=256 steals=0 foreign=0
[matmul,coarse,locality,vic=1] PSSTATS loc=1 executed=85 dealt=0 steals=85 foreign=85
[matmul,coarse,locality,vic=1] PSSTATS loc=2 executed=0 dealt=0 steals=0 foreign=0
[matmul,coarse,locality,vic=1] PSSTATS loc=3 executed=0 dealt=0 steals=0 foreign=0
[matmul,coarse,locality,vic=1] PSSTATS loc=4 executed=0 dealt=0 steals=0 foreign=0
[matmul,coarse,locality,vic=1] PSSTATS loc=5 executed=0 dealt=0 steals=0 foreign=0
[matmul,coarse,locality,vic=1] PSSTATS loc=6 executed=0 dealt=0 steals=0 foreign=0
[matmul,coarse,locality,vic=1] PSSTATS loc=7 executed=0 dealt=0 steals=0 foreign=0
[matmul,coarse,locality,vic=1] PSSTATS loc=8 executed=0 dealt=0 steals=0 foreign=0
[matmul,coarse,locality,vic=1] PSSTATS loc=9 executed=0 dealt=0 steals=0 foreign=0
[matmul,coarse,locality,vic=1] PSSTATS loc=10 executed=0 dealt=0 steals=0 foreign=0
[matmul,coarse,locality,vic=1] PSSTATS loc=11 executed=85 dealt=0 steals=85 foreign=85
[matmul,coarse,locality,vic=2] PSSTATS sched=locality dist=coarse locs=12 threads=12
[matmul,coarse,locality,vic=2] PSSTATS loc=0 executed=54 dealt=256 steals=0 foreign=0
[matmul,coarse,locality,vic=2] PSSTATS loc=1 executed=53 dealt=0 steals=53 foreign=53
[matmul,coarse,locality,vic=2] PSSTATS loc=2 executed=44 dealt=0 steals=44 foreign=44
[matmul,coarse,locality,vic=2] PSSTATS loc=3 executed=0 dealt=0 steals=0 foreign=0
[matmul,coarse,locality,vic=2] PSSTATS loc=4 executed=0 dealt=0 steals=0 foreign=0
[matmul,coarse,locality,vic=2] PSSTATS loc=5 executed=0 dealt=0 steals=0 foreign=0
[matmul,coarse,locality,vic=2] PSSTATS loc=6 executed=0 dealt=0 steals=0 foreign=0
[matmul,coarse,locality,vic=2] PSSTATS loc=7 executed=0 dealt=0 steals=0 foreign=0
[matmul,coarse,locality,vic=2] PSSTATS loc=8 executed=0 dealt=0 steals=0 foreign=0
[matmul,coarse,locality,vic=2] PSSTATS loc=9 executed=0 dealt=0 steals=0 foreign=0
[matmul,coarse,locality,vic=2] PSSTATS loc=10 executed=53 dealt=0 steals=53 foreign=53
[matmul,coarse,locality,vic=2] PSSTATS loc=11 executed=52 dealt=0 steals=52 foreign=52
[matmul,fine,locality,vic=0] PSSTATS sched=locality dist=fine locs=12 threads=12
[matmul,fine,locality,vic=0] PSSTATS loc=0 executed=24 dealt=256 steals=0 foreign=0
[matmul,fine,locality,vic=0] PSSTATS loc=1 executed=23 dealt=0 steals=23 foreign=0
[matmul,fine,locality,vic=0] PSSTATS loc=2 executed=22 dealt=0 steals=22 foreign=0
[matmul,fine,locality,vic=0] PSSTATS loc=3 executed=14 dealt=0 steals=14 foreign=0
[matmul,fine,locality,vic=0] PSSTATS loc=4 executed=22 dealt=0 steals=22 foreign=0
[matmul,fine,locality,vic=0] PSSTATS loc=5 executed=20 dealt=0 steals=20 foreign=0
[matmul,fine,locality,vic=0] PSSTATS loc=6 executed=23 dealt=0 steals=23 foreign=0
[matmul,fine,locality,vic=0] PSSTATS loc=7 executed=21 dealt=0 steals=21 foreign=0
[matmul,fine,locality,vic=0] PSSTATS loc=8 executed=21 dealt=0 steals=21 foreign=0
[matmul,fine,locality,vic=0] PSSTATS loc=9 executed=22 dealt=0 steals=22 foreign=0
[matmul,fine,locality,vic=0] PSSTATS loc=10 executed=21 dealt=0 steals=21 foreign=0
[matmul,fine,locality,vic=0] PSSTATS loc=11 executed=23 dealt=0 steals=23 foreign=0
[map,coarse,standard,vic=0] PSSTATS sched=standard dist=coarse locs=12 threads=12
[map,coarse,standard,vic=0] PSSTATS loc=0 executed=1913 dealt=15750 steals=0 foreign=1640
[map,coarse,standard,vic=0] PSSTATS loc=1 executed=1284 dealt=0 steals=1284 foreign=1167
[map,coarse,standard,vic=0] PSSTATS loc=2 executed=1343 dealt=0 steals=1343 foreign=1241
[map,coarse,standard,vic=0] PSSTATS loc=3 executed=1300 dealt=0 steals=1300 foreign=1175
[map,coarse,standard,vic=0] PSSTATS loc=4 executed=1351 dealt=0 steals=1351 foreign=1239
[map,coarse,standard,vic=0] PSSTATS loc=5 executed=1317 dealt=0 steals=1317 foreign=1229
[map,coarse,standard,vic=0] PSSTATS loc=6 executed=1316 dealt=0 steals=1316 foreign=1208
[map,coarse,standard,vic=0] PSSTATS loc=7 executed=1335 dealt=0 steals=1335 foreign=1238
[map,coarse,standard,vic=0] PSSTATS loc=8 executed=1295 dealt=0 steals=1295 foreign=1194
[map,coarse,standard,vic=0] PSSTATS loc=9 executed=1318 dealt=0 steals=1318 foreign=1218
[map,coarse,standard,vic=0] PSSTATS loc=10 executed=626 dealt=0 steals=626 foreign=579
[map,coarse,standard,vic=0] PSSTATS loc=11 executed=1352 dealt=0 steals=1352 foreign=1246
[map,coarse,locality,vic=0] PSSTATS sched=locality dist=coarse locs=12 threads=12
[map,coarse,locality,vic=0] PSSTATS loc=0 executed=1488 dealt=1500 steals=13 foreign=13
[map,coarse,locality,vic=0] PSSTATS loc=1 executed=1497 dealt=1500 steals=9 foreign=9
[map,coarse,locality,vic=0] PSSTATS loc=2 executed=1488 dealt=1500 steals=2 foreign=2
[map,coarse,locality,vic=0] PSSTATS loc=3 executed=1269 dealt=1250 steals=25 foreign=25
[map,coarse,locality,vic=0] PSSTATS loc=4 executed=1266 dealt=1250 steals=20 foreign=20
[map,coarse,locality,vic=0] PSSTATS loc=5 executed=1261 dealt=1250 steals=24 foreign=24
[map,coarse,locality,vic=0] PSSTATS loc=6 executed=1267 dealt=1250 steals=22 foreign=22
[map,coarse,locality,vic=0] PSSTATS loc=7 executed=1248 dealt=1250 steals=7 foreign=7
[map,coarse,locality,vic=0] PSSTATS loc=8 executed=1257 dealt=1250 steals=9 foreign=9
[map,coarse,locality,vic=0] PSSTATS loc=9 executed=1247 dealt=1250 steals=9 foreign=9
[map,coarse,locality,vic=0] PSSTATS loc=10 executed=1212 dealt=1250 steals=7 foreign=7
[map,coarse,locality,vic=0] PSSTATS loc=11 executed=1250 dealt=1250 steals=10 foreign=10
[map,coarse,locality,vic=1] PSSTATS sched=locality dist=coarse locs=12 threads=12
[map,coarse,locality,vic=1] PSSTATS loc=0 executed=1496 dealt=1500 steals=3 foreign=3
[map,coarse,locality,vic=1] PSSTATS loc=1 executed=1502 dealt=1500 steals=4 foreign=4
[map,coarse,locality,vic=1] PSSTATS loc=2 executed=1496 dealt=1500 steals=1 foreign=1
[map,coarse,locality,vic=1] PSSTATS loc=3 executed=1252 dealt=1250 steals=6 foreign=6
[map,coarse,locality,vic=1] PSSTATS loc=4 executed=1251 dealt=1250 steals=3 foreign=3
[map,coarse,locality,vic=1] PSSTATS loc=5 executed=1250 dealt=1250 steals=2 foreign=2
[map,coarse,locality,vic=1] PSSTATS loc=6 executed=1250 dealt=1250 steals=4 foreign=4
[map,coarse,locality,vic=1] PSSTATS loc=7 executed=1248 dealt=1250 steals=2 foreign=2
[map,coarse,locality,vic=1] PSSTATS loc=8 executed=1251 dealt=1250 steals=3 foreign=3
[map,coarse,locality,vic=1] PSSTATS loc=9 executed=1252 dealt=1250 steals=3 foreign=3
[map,coarse,locality,vic=1] PSSTATS loc=10 executed=1250 dealt=1250 steals=1 foreign=1
[map,coarse,locality,vic=1] PSSTATS loc=11 executed=1252 dealt=1250 steals=4 foreign=4
[map,coarse,locality,vic=2] PSSTATS sched=locality dist=coarse locs=12 threads=12
[map,coarse,locality,vic=2] PSSTATS loc=0 executed=1498 dealt=1500 steals=1 foreign=1
[map,coarse,locality,vic=2] PSSTATS loc=1 executed=1499 dealt=1500 steals=1 foreign=1
[map,coarse,locality,vic=2] PSSTATS loc=2 executed=1501 dealt=1500 steals=1 foreign=1
[map,coarse,locality,vic=2] PSSTATS loc=3 executed=1248 dealt=1250 steals=2 foreign=2
[map,coarse,locality,vic=2] PSSTATS loc=4 executed=1252 dealt=1250 steals=2 foreign=2
[map,coarse,locality,vic=2] PSSTATS loc=5 executed=1251 dealt=1250 steals=1 foreign=1
[map,coarse,locality,vic=2] PSSTATS loc=6 executed=1250 dealt=1250 steals=1 foreign=1
[map,coarse,locality,vic=2] PSSTATS loc=7 executed=1250 dealt=1250 steals=1 foreign=1
[map,coarse,locality,vic=2] PSSTATS loc=8 executed=1253 dealt=1250 steals=3 foreign=3
[map,coarse,locality,vic=2] PSSTATS loc=9 executed=1251 dealt=1250 steals=1 foreign=1
[map,coarse,locality,vic=2] PSSTATS loc=10 executed=1243 dealt=1250 steals=1 foreign=1
[map,coarse,locality,vic=2] PSSTATS loc=11 executed=1254 dealt=1250 steals=4 foreign=4
[map,fine,locality,vic=0] PSSTATS sched=locality dist=fine locs=12 threads=12
[map,fine,locality,vic=0] PSSTATS loc=0 executed=1837 dealt=15750 steals=0 foreign=0
[map,fine,locality,vic=0] PSSTATS loc=1 executed=1307 dealt=0 steals=1307 foreign=0
[map,fine,locality,vic=0] PSSTATS loc=2 executed=1302 dealt=0 steals=1302 foreign=0
[map,fine,locality,vic=0] PSSTATS loc=3 executed=1250 dealt=0 steals=1250 foreign=0
[map,fine,locality,vic=0] PSSTATS loc=4 executed=1300 dealt=0 steals=1300 foreign=0
[map,fine,locality,vic=0] PSSTATS loc=5 executed=1291 dealt=0 steals=1291 foreign=0
[map,fine,locality,vic=0] PSSTATS loc=6 executed=1291 dealt=0 steals=1291 foreign=0
[map,fine,locality,vic=0] PSSTATS loc=7 executed=1186 dealt=0 steals=1186 foreign=0
[map,fine,locality,vic=0] PSSTATS loc=8 executed=1298 dealt=0 steals=1298 foreign=0
[map,fine,locality,vic=0] PSSTATS loc=9 executed=1292 dealt=0 steals=1292 foreign=0
[map,fine,locality,vic=0] PSSTATS loc=10 executed=1087 dealt=0 steals=1087 foreign=0
[map,fine,locality,vic=0] PSSTATS loc=11 executed=1309 dealt=0 steals=1309 foreign=0
[vecmul,coarse,standard,vic=0] PSSTATS sched=standard dist=coarse locs=12 threads=12
[vecmul,coarse,standard,vic=0] PSSTATS loc=0 executed=2418 dealt=25600 steals=0 foreign=2008
[vecmul,coarse,standard,vic=0] PSSTATS loc=1 executed=2116 dealt=0 steals=2116 foreign=1908
[vecmul,coarse,standard,vic=0] PSSTATS loc=2 executed=2168 dealt=0 steals=2168 foreign=1980
[vecmul,coarse,standard,vic=0] PSSTATS loc=3 executed=2126 dealt=0 steals=2126 foreign=1951
[vecmul,coarse,standard,vic=0] PSSTATS loc=4 executed=2115 dealt=0 steals=2115 foreign=1896
[vecmul,coarse,standard,vic=0] PSSTATS loc=5 executed=2095 dealt=0 steals=2095 foreign=1889
[vecmul,coarse,standard,vic=0] PSSTATS loc=6 executed=2122 dealt=0 steals=2122 foreign=1908
[vecmul,coarse,standard,vic=0] PSSTATS loc=7 executed=1933 dealt=0 steals=1933 foreign=1790
[vecmul,coarse,standard,vic=0] PSSTATS loc=8 executed=2191 dealt=0 steals=2191 foreign=2049
[vecmul,coarse,standard,vic=0] PSSTATS loc=9 executed=2081 dealt=0 steals=2081 foreign=1883
[vecmul,coarse,standard,vic=0] PSSTATS loc=10 executed=2112 dealt=0 steals=2112 foreign=1925
[vecmul,coarse,standard,vic=0] PSSTATS loc=11 executed=2123 dealt=0 steals=2123 foreign=1922
[vecmul,coarse,locality,vic=0] PSSTATS sched=locality dist=coarse locs=12 threads=12
[vecmul,coarse,locality,vic=0] PSSTATS loc=0 executed=2236 dealt=2200 steals=76 foreign=76
[vecmul,coarse,locality,vic=0] PSSTATS loc=1 executed=2137 dealt=2200 steals=61 foreign=61
[vecmul,coarse,locality,vic=0] PSSTATS loc=2 executed=2231 dealt=2200 steals=51 foreign=51
[vecmul,coarse,locality,vic=0] PSSTATS loc=3 executed=2212 dealt=2200 steals=37 foreign=37
[vecmul,coarse,locality,vic=0] PSSTATS loc=4 executed=2198 dealt=2200 steals=57 foreign=57
[vecmul,coarse,locality,vic=0] PSSTATS loc=5 executed=2159 dealt=2200 steals=21 foreign=21
[vecmul,coarse,locality,vic=0] PSSTATS loc=6 executed=2177 dealt=2200 steals=25 foreign=25
[vecmul,coarse,locality,vic=0] PSSTATS loc=7 executed=2195 dealt=2200 steals=38 foreign=38
[vecmul,coarse,locality,vic=0] PSSTATS loc=8 executed=2070 dealt=2000 steals=94 foreign=94
[vecmul,coarse,locality,vic=0] PSSTATS loc=9 executed=2027 dealt=2000 steals=56 foreign=56
[vecmul,coarse,locality,vic=0] PSSTATS loc=10 executed=1930 dealt=2000 steals=149 foreign=149
[vecmul,coarse,locality,vic=0] PSSTATS loc=11 executed=2028 dealt=2000 steals=77 foreign=77
[vecmul,coarse,locality,vic=1] PSSTATS sched=locality dist=coarse locs=12 threads=12
[vecmul,coarse,locality,vic=1] PSSTATS loc=0 executed=2195 dealt=2200 steals=11 foreign=11
[vecmul,coarse,locality,vic=1] PSSTATS loc=1 executed=2199 dealt=2200 steals=16 foreign=16
[vecmul,coarse,locality,vic=1] PSSTATS loc=2 executed=2197 dealt=2200 steals=6 foreign=6
[vecmul,coarse,locality,vic=1] PSSTATS loc=3 executed=2199 dealt=2200 steals=0 foreign=0
[vecmul,coarse,locality,vic=1] PSSTATS loc=4 executed=2212 dealt=2200 steals=14 foreign=14
[vecmul,coarse,locality,vic=1] PSSTATS loc=5 executed=2186 dealt=2200 steals=4 foreign=4
[vecmul,coarse,locality,vic=1] PSSTATS loc=6 executed=2215 dealt=2200 steals=20 foreign=20
[vecmul,coarse,locality,vic=1] PSSTATS loc=7 executed=2174 dealt=2200 steals=7 foreign=7
[vecmul,coarse,locality,vic=1] PSSTATS loc=8 executed=2017 dealt=2000 steals=26 foreign=26
[vecmul,coarse,locality,vic=1] PSSTATS loc=9 executed=1992 dealt=2000 steals=20 foreign=20
[vecmul,coarse,locality,vic=1] PSSTATS loc=10 executed=2012 dealt=2000 steals=45 foreign=45
[vecmul,coarse,locality,vic=1] PSSTATS loc=11 executed=2002 dealt=2000 steals=27 foreign=27
[vecmul,coarse,locality,vic=2] PSSTATS sched=locality dist=coarse locs=12 threads=12
[vecmul,coarse,locality,vic=2] PSSTATS loc=0 executed=2190 dealt=2200 steals=2 foreign=2
[vecmul,coarse,locality,vic=2] PSSTATS loc=1 executed=2204 dealt=2200 steals=6 foreign=6
[vecmul,coarse,locality,vic=2] PSSTATS loc=2 executed=2200 dealt=2200 steals=2 foreign=2
[vecmul,coarse,locality,vic=2] PSSTATS loc=3 executed=2201 dealt=2200 steals=5 foreign=5
[vecmul,coarse,locality,vic=2] PSSTATS loc=4 executed=2195 dealt=2200 steals=1 foreign=1
[vecmul,coarse,locality,vic=2] PSSTATS loc=5 executed=2191 dealt=2200 steals=7 foreign=7
[vecmul,coarse,locality,vic=2] PSSTATS loc=6 executed=2214 dealt=2200 steals=21 foreign=21
[vecmul,coarse,locality,vic=2] PSSTATS loc=7 executed=2178 dealt=2200 steals=9 foreign=9
[vecmul,coarse,locality,vic=2] PSSTATS loc=8 executed=2023 dealt=2000 steals=28 foreign=28
[vecmul,coarse,locality,vic=2] PSSTATS loc=9 executed=1987 dealt=2000 steals=4 foreign=4
[vecmul,coarse,locality,vic=2] PSSTATS loc=10 executed=2003 dealt=2000 steals=7 foreign=7
[vecmul,coarse,locality,vic=2] PSSTATS loc=11 executed=2014 dealt=2000 steals=14 foreign=14
[vecmul,fine,locality,vic=0] PSSTATS sched=locality dist=fine locs=12 threads=12
[vecmul,fine,locality,vic=0] PSSTATS loc=0 executed=2506 dealt=25600 steals=0 foreign=0
[vecmul,fine,locality,vic=0] PSSTATS loc=1 executed=2162 dealt=0 steals=2162 foreign=0
[vecmul,fine,locality,vic=0] PSSTATS loc=2 executed=2144 dealt=0 steals=2144 foreign=0
[vecmul,fine,locality,vic=0] PSSTATS loc=3 executed=2131 dealt=0 steals=2131 foreign=0
[vecmul,fine,locality,vic=0] PSSTATS loc=4 executed=2223 dealt=0 steals=2223 foreign=0
[vecmul,fine,locality,vic=0] PSSTATS loc=5 executed=2168 dealt=0 steals=2168 foreign=0
[vecmul,fine,locality,vic=0] PSSTATS loc=6 executed=2192 dealt=0 steals=2192 foreign=0
[vecmul,fine,locality,vic=0] PSSTATS loc=7 executed=2181 dealt=0 steals=2181 foreign=0
[vecmul,fine,locality,vic=0] PSSTATS loc=8 executed=2238 dealt=0 steals=2238 foreign=0
[vecmul,fine,locality,vic=0] PSSTATS loc=9 executed=2145 dealt=0 steals=2145 foreign=0
[vecmul,fine,locality,vic=0] PSSTATS loc=10 executed=1310 dealt=0 steals=1310 foreign=0
[vecmul,fine,locality,vic=0] PSSTATS loc=11 executed=2200 dealt=0 steals=2200 foreign=0
[reduction,coarse,standard,vic=0] PSSTATS sched=standard dist=coarse locs=12 threads=12
[reduction,coarse,standard,vic=0] PSSTATS loc=0 executed=102 dealt=1023 steals=0 foreign=35
[reduction,coarse,standard,vic=0] PSSTATS loc=1 executed=90 dealt=0 steals=90 foreign=60
[reduction,coarse,standard,vic=0] PSSTATS loc=2 executed=64 dealt=0 steals=64 foreign=64
[reduction,coarse,standard,vic=0] PSSTATS loc=3 executed=95 dealt=0 steals=95 foreign=95
[reduction,coarse,standard,vic=0] PSSTATS loc=4 executed=89 dealt=0 steals=89 foreign=89
[reduction,coarse,standard,vic=0] PSSTATS loc=5 executed=87 dealt=0 steals=87 foreign=87
[reduction,coarse,standard,vic=0] PSSTATS loc=6 executed=91 dealt=0 steals=91 foreign=91
[reduction,coarse,standard,vic=0] PSSTATS loc=7 executed=87 dealt=0 steals=87 foreign=87
[reduction,coarse,standard,vic=0] PSSTATS loc=8 executed=73 dealt=0 steals=73 foreign=73
[reduction,coarse,standard,vic=0] PSSTATS loc=9 executed=91 dealt=0 steals=91 foreign=91
[reduction,coarse,standard,vic=0] PSSTATS loc=10 executed=63 dealt=0 steals=63 foreign=63
[reduction,coarse,standard,vic=0] PSSTATS loc=11 executed=91 dealt=0 steals=91 foreign=91
[reduction,coarse,locality,vic=0] PSSTATS sched=locality dist=coarse locs=12 threads=12
[reduction,coarse,locality,vic=0] PSSTATS loc=0 executed=87 dealt=682 steals=28 foreign=28
[reduction,coarse,locality,vic=0] PSSTATS loc=1 executed=71 dealt=341 steals=33 foreign=33
[reduction,coarse,locality,vic=0] PSSTATS loc=2 executed=87 dealt=0 steals=87 foreign=87
[reduction,coarse,locality,vic=0] PSSTATS loc=3 executed=82 dealt=0 steals=82 foreign=82
[reduction,coarse,locality,vic=0] PSSTATS loc=4 executed=89 dealt=0 steals=89 foreign=89
[reduction,coarse,locality,vic=0] PSSTATS loc=5 executed=90 dealt=0 steals=90 foreign=90
[reduction,coarse,locality,vic=0] PSSTATS loc=6 executed=96 dealt=0 steals=96 foreign=96
[reduction,coarse,locality,vic=0] PSSTATS loc=7 executed=71 dealt=0 steals=71 foreign=71
[reduction,coarse,locality,vic=0] PSSTATS loc=8 executed=89 dealt=0 steals=89 foreign=89
[reduction,coarse,locality,vic=0] PSSTATS loc=9 executed=79 dealt=0 steals=79 foreign=79
[reduction,coarse,locality,vic=0] PSSTATS loc=10 executed=91 dealt=0 steals=91 foreign=91
[reduction,coarse,locality,vic=0] PSSTATS loc=11 executed=91 dealt=0 steals=91 foreign=91
[reduction,coarse,locality,vic=1] PSSTATS sched=locality dist=coarse locs=12 threads=12
[reduction,coarse,locality,vic=1] PSSTATS loc=0 executed=348 dealt=682 steals=116 foreign=116
[reduction,coarse,locality,vic=1] PSSTATS loc=1 executed=349 dealt=341 steals=226 foreign=226
[reduction,coarse,locality,vic=1] PSSTATS loc=2 executed=102 dealt=0 steals=102 foreign=102
[reduction,coarse,locality,vic=1] PSSTATS loc=3 executed=0 dealt=0 steals=0 foreign=0
[reduction,coarse,locality,vic=1] PSSTATS loc=4 executed=0 dealt=0 steals=0 foreign=0
[reduction,coarse,locality,vic=1] PSSTATS loc=5 executed=0 dealt=0 steals=0 foreign=0
[reduction,coarse,locality,vic=1] PSSTATS loc=6 executed=0 dealt=0 steals=0 foreign=0
[reduction,coarse,locality,vic=1] PSSTATS loc=7 executed=0 dealt=0 steals=0 foreign=0
[reduction,coarse,locality,vic=1] PSSTATS loc=8 executed=0 dealt=0 steals=0 foreign=0
[reduction,coarse,locality,vic=1] PSSTATS loc=9 executed=0 dealt=0 steals=0 foreign=0
[reduction,coarse,locality,vic=1] PSSTATS loc=10 executed=0 dealt=0 steals=0 foreign=0
[reduction,coarse,locality,vic=1] PSSTATS loc=11 executed=224 dealt=0 steals=224 foreign=224
[reduction,coarse,locality,vic=2] PSSTATS sched=locality dist=coarse locs=12 threads=12
[reduction,coarse,locality,vic=2] PSSTATS loc=0 executed=214 dealt=682 steals=66 foreign=66
[reduction,coarse,locality,vic=2] PSSTATS loc=1 executed=209 dealt=341 steals=136 foreign=136
[reduction,coarse,locality,vic=2] PSSTATS loc=2 executed=181 dealt=0 steals=181 foreign=181
[reduction,coarse,locality,vic=2] PSSTATS loc=3 executed=66 dealt=0 steals=66 foreign=66
[reduction,coarse,locality,vic=2] PSSTATS loc=4 executed=0 dealt=0 steals=0 foreign=0
[reduction,coarse,locality,vic=2] PSSTATS loc=5 executed=0 dealt=0 steals=0 foreign=0
[reduction,coarse,locality,vic=2] PSSTATS loc=6 executed=0 dealt=0 steals=0 foreign=0
[reduction,coarse,locality,vic=2] PSSTATS loc=7 executed=0 dealt=0 steals=0 foreign=0
[reduction,coarse,locality,vic=2] PSSTATS loc=8 executed=0 dealt=0 steals=0 foreign=0
[reduction,coarse,locality,vic=2] PSSTATS loc=9 executed=0 dealt=0 steals=0 foreign=0
[reduction,coarse,locality,vic=2] PSSTATS loc=10 executed=144 dealt=0 steals=144 foreign=144
[reduction,coarse,locality,vic=2] PSSTATS loc=11 executed=209 dealt=0 steals=209 foreign=209
[reduction,fine,locality,vic=0] PSSTATS sched=locality dist=fine locs=12 threads=12
[reduction,fine,locality,vic=0] PSSTATS loc=0 executed=100 dealt=1023 steals=0 foreign=0
[reduction,fine,locality,vic=0] PSSTATS loc=1 executed=94 dealt=0 steals=94 foreign=0
[reduction,fine,locality,vic=0] PSSTATS loc=2 executed=87 dealt=0 steals=87 foreign=0
[reduction,fine,locality,vic=0] PSSTATS loc=3 executed=98 dealt=0 steals=98 foreign=0
[reduction,fine,locality,vic=0] PSSTATS loc=4 executed=90 dealt=0 steals=90 foreign=0
[reduction,fine,locality,vic=0] PSSTATS loc=5 executed=91 dealt=0 steals=91 foreign=0
[reduction,fine,locality,vic=0] PSSTATS loc=6 executed=94 dealt=0 steals=94 foreign=0
[reduction,fine,locality,vic=0] PSSTATS loc=7 executed=89 dealt=0 steals=89 foreign=0
[reduction,fine,locality,vic=0] PSSTATS loc=8 executed=62 dealt=0 steals=62 foreign=0
[reduction,fine,locality,vic=0] PSSTATS loc=9 executed=36 dealt=0 steals=36 foreign=0
[reduction,fine,locality,vic=0] PSSTATS loc=10 executed=92 dealt=0 steals=92 foreign=0
[reduction,fine,locality,vic=0] PSSTATS loc=11 executed=90 dealt=0 steals=90 foreign=0
[matmul,coarse,standard,vic=0] PSSTATS sched=standard dist=coarse locs=12 threads=12
[matmul,coarse,standard,vic=0] PSSTATS loc=0 executed=22 dealt=256 steals=0 foreign=0
[matmul,coarse,standard,vic=0] PSSTATS loc=1 executed=22 dealt=0 steals=22 foreign=22
[matmul,coarse,standard,vic=0] PSSTATS loc=2 executed=21 dealt=0 steals=21 foreign=21
[matmul,coarse,standard,vic=0] PSSTATS loc=3 executed=21 dealt=0 steals=21 foreign=21
[matmul,coarse,standard,vic=0] PSSTATS loc=4 executed=21 dealt=0 steals=21 foreign=21
[matmul,coarse,standard,vic=0] PSSTATS loc=5 executed=21 dealt=0 steals=21 foreign=21
[matmul,coarse,standard,vic=0] PSSTATS loc=6 executed=21 dealt=0 steals=21 foreign=21
[matmul,coarse,standard,vic=0] PSSTATS loc=7 executed=22 dealt=0 steals=22 foreign=22
[matmul,coarse,standard,vic=0] PSSTATS loc=8 executed=21 dealt=0 steals=21 foreign=21
[matmul,coarse,standard,vic=0] PSSTATS loc=9 executed=21 dealt=0 steals=21 foreign=21
[matmul,coarse,standard,vic=0] PSSTATS loc=10 executed=21 dealt=0 steals=21 foreign=21
[matmul,coarse,standard,vic=0] PSSTATS loc=11 executed=22 dealt=0 steals=22 foreign=22
[matmul,coarse,locality,vic=0] PSSTATS sched=locality dist=coarse locs=12 threads=12
[matmul,coarse,locality,vic=0] PSSTATS loc=0 executed=23 dealt=256 steals=0 foreign=0
[matmul,coarse,locality,vic=0] PSSTATS loc=1 executed=22 dealt=0 steals=22 foreign=22
[matmul,coarse,locality,vic=0] PSSTATS loc=2 executed=22 dealt=0 steals=22 foreign=22
[matmul,coarse,locality,vic=0] PSSTATS loc=3 executed=21 dealt=0 steals=21 foreign=21
[matmul,coarse,locality,vic=0] PSSTATS loc=4 executed=22 dealt=0 steals=22 foreign=22
[matmul,coarse,locality,vic=0] PSSTATS loc=5 executed=20 dealt=0 steals=20 foreign=20
[matmul,coarse,locality,vic=0] PSSTATS loc=6 executed=22 dealt=0 steals=22 foreign=22
[matmul,coarse,locality,vic=0] PSSTATS loc=7 executed=22 dealt=0 steals=22 foreign=22
[matmul,coarse,locality,vic=0] PSSTATS loc=8 executed=19 dealt=0 steals=19 foreign=19
[matmul,coarse,locality,vic=0] PSSTATS loc=9 executed=20 dealt=0 steals=20 foreign=20
[matmul,coarse,locality,vic=0] PSSTATS loc=10 executed=22 dealt=0 steals=22 foreign=22
[matmul,coarse,locality,vic=0] PSSTATS loc=11 executed=21 dealt=0 steals=21 foreign=21
[matmul,coarse,locality,vic=1] PSSTATS sched=locality dist=coarse locs=12 threads=12
[matmul,coarse,locality,vic=1] PSSTATS loc=0 executed=86 dealt=256 steals=0 foreign=0
[matmul,coarse,locality,vic=1] PSSTATS loc=1 executed=85 dealt=0 steals=85 foreign=85
[matmul,coarse,locality,vic=1] PSSTATS loc=2 executed=0 dealt=0 steals=0 foreign=0
[matmul,coarse,locality,vic=1] PSSTATS loc=3 executed=0 dealt=0 steals=0 foreign=0
[matmul,coarse,locality,vic=1] PSSTATS loc=4 executed=0 dealt=0 steals=0 foreign=0
[matmul,coarse,locality,vic=1] PSSTATS loc=5 executed=0 dealt=0 steals=0 foreign=0
[matmul,coarse,locality,vic=1] PSSTATS loc=6 executed=0 dealt=0 steals=0 foreign=0
[matmul,coarse,locality,vic=1] PSSTATS loc=7 executed=0 dealt=0 steals=0 foreign=0
[matmul,coarse,locality,vic=1] PSSTATS loc=8 executed=0 dealt=0 steals=0 foreign=0
[matmul,coarse,locality,vic=1] PSSTATS loc=9 executed=0 dealt=0 steals=0 foreign=0
[matmul,coarse,locality,vic=1] PSSTATS loc=10 executed=0 dealt=0 steals=0 foreign=0
[matmul,coarse,locality,vic=1] PSSTATS loc=11 executed=85 dealt=0 steals=85 foreign=85
[matmul,coarse,locality,vic=2] PSSTATS sched=locality dist=coarse locs=12 threads=12
[matmul,coarse,locality,vic=2] PSSTATS loc=0 executed=52 dealt=256 steals=0 foreign=0
[matmul,coarse,locality,vic=2] PSSTATS loc=1 executed=52 dealt=0 steals=52 foreign=52
[matmul,coarse,locality,vic=2] PSSTATS loc=2 executed=52 dealt=0 steals=52 foreign=52
[matmul,coarse,locality,vic=2] PSSTATS loc=3 executed=0 dealt=0 steals=0 foreign=0
[matmul,coarse,locality,vic=2] PSSTATS loc=4 executed=0 dealt=0 steals=0 foreign=0
[matmul,coarse,locality,vic=2] PSSTATS loc=5 executed=0 dealt=0 steals=0 foreign=0
[matmul,coarse,locality,vic=2] PSSTATS loc=6 executed=0 dealt=0 steals=0 foreign=0
[matmul,coarse,locality,vic=2] PSSTATS loc=7 executed=0 dealt=0 steals=0 foreign=0
[matmul,coarse,locality,vic=2] PSSTATS loc=8 executed=0 dealt=0 steals=0 foreign=0
[matmul,coarse,locality,vic=2] PSSTATS loc=9 executed=0 dealt=0 steals=0 foreign=0
[matmul,coarse,locality,vic=2] PSSTATS loc=10 executed=51 dealt=0 steals=51 foreign=51
[matmul,coarse,locality,vic=2] PSSTATS loc=11 executed=49 dealt=0 steals=49 foreign=49
[matmul,fine,locality,vic=0] PSSTATS sched=locality dist=fine locs=12 threads=12
[matmul,fine,locality,vic=0] PSSTATS loc=0 executed=23 dealt=256 steals=0 foreign=0
[matmul,fine,locality,vic=0] PSSTATS loc=1 executed=21 dealt=0 steals=21 foreign=0
[matmul,fine,locality,vic=0] PSSTATS loc=2 executed=22 dealt=0 steals=22 foreign=0
[matmul,fine,locality,vic=0] PSSTATS loc=3 executed=22 dealt=0 steals=22 foreign=0
[matmul,fine,locality,vic=0] PSSTATS loc=4 executed=21 dealt=0 steals=21 foreign=0
[matmul,fine,locality,vic=0] PSSTATS loc=5 executed=20 dealt=0 steals=20 foreign=0
[matmul,fine,locality,vic=0] PSSTATS loc=6 executed=21 dealt=0 steals=21 foreign=0
[matmul,fine,locality,vic=0] PSSTATS loc=7 executed=21 dealt=0 steals=21 foreign=0
[matmul,fine,locality,vic=0] PSSTATS loc=8 executed=22 dealt=0 steals=22 foreign=0
[matmul,fine,locality,vic=0] PSSTATS loc=9 executed=21 dealt=0 steals=21 foreign=0
[matmul,fine,locality,vic=0] PSSTATS loc=10 executed=21 dealt=0 steals=21 foreign=0
[matmul,fine,locality,vic=0] PSSTATS loc=11 executed=21 dealt=0 steals=21 foreign=0
[map,coarse,standard,vic=0] PSSTATS sched=standard dist=coarse locs=12 threads=12
[map,coarse,standard,vic=0] PSSTATS loc=0 executed=1928 dealt=15750 steals=0 foreign=1656
[map,coarse,standard,vic=0] PSSTATS loc=1 executed=1304 dealt=0 steals=1304 foreign=1189
[map,coarse,standard,vic=0] PSSTATS loc=2 executed=1270 dealt=0 steals=1270 foreign=1182
[map,coarse,standard,vic=0] PSSTATS loc=3 executed=1255 dealt=0 steals=1255 foreign=1144
[map,coarse,standard,vic=0] PSSTATS loc=4 executed=1177 dealt=0 steals=1177 foreign=1100
[map,coarse,standard,vic=0] PSSTATS loc=5 executed=1280 dealt=0 steals=1280 foreign=1165
[map,coarse,standard,vic=0] PSSTATS loc=6 executed=1265 dealt=0 steals=1265 foreign=1157
[map,coarse,standard,vic=0] PSSTATS loc=7 executed=1273 dealt=0 steals=1273 foreign=1186
[map,coarse,standard,vic=0] PSSTATS loc=8 executed=1273 dealt=0 steals=1273 foreign=1170
[map,coarse,standard,vic=0] PSSTATS loc=9 executed=1255 dealt=0 steals=1255 foreign=1168
[map,coarse,standard,vic=0] PSSTATS loc=10 executed=1186 dealt=0 steals=1186 foreign=1097
[map,coarse,standard,vic=0] PSSTATS loc=11 executed=1284 dealt=0 steals=1284 foreign=1184
[map,coarse,locality,vic=0] PSSTATS sched=locality dist=coarse locs=12 threads=12
[map,coarse,locality,vic=0] PSSTATS loc=0 executed=1490 dealt=1500 steals=3 foreign=3
[map,coarse,locality,vic=0] PSSTATS loc=1 executed=1500 dealt=1500 steals=9 foreign=9
[map,coarse,locality,vic=0] PSSTATS loc=2 executed=1484 dealt=1500 steals=3 foreign=3
[map,coarse,locality,vic=0] PSSTATS loc=3 executed=1261 dealt=1250 steals=15 foreign=15
[map,coarse,locality,vic=0] PSSTATS loc=4 executed=1252 dealt=1250 steals=5 foreign=5
[map,coarse,locality,vic=0] PSSTATS loc=5 executed=1257 dealt=1250 steals=11 foreign=11
[map,coarse,locality,vic=0] PSSTATS loc=6 executed=1257 dealt=1250 steals=10 foreign=10
[map,coarse,locality,vic=0] PSSTATS loc=7 executed=1248 dealt=1250 steals=8 foreign=8
[map,coarse,locality,vic=0] PSSTATS loc=8 executed=1250 dealt=1250 steals=7 foreign=7
[map,coarse,locality,vic=0] PSSTATS loc=9 executed=1253 dealt=1250 steals=11 foreign=11
[map,coarse,locality,vic=0] PSSTATS loc=10 executed=1242 dealt=1250 steals=2 foreign=2
[map,coarse,locality,vic=0] PSSTATS loc=11 executed=1256 dealt=1250 steals=7 foreign=7
[map,coarse,locality,vic=1] PSSTATS sched=locality dist=coarse locs=12 threads=12
[map,coarse,locality,vic=1] PSSTATS loc=0 executed=1514 dealt=1500 steals=17 foreign=17
[map,coarse,locality,vic=1] PSSTATS loc=1 executed=1497 dealt=1500 steals=1 foreign=1
[map,coarse,locality,vic=1] PSSTATS loc=2 executed=1501 dealt=1500 steals=3 foreign=3
[map,coarse,locality,vic=1] PSSTATS loc=3 executed=1247 dealt=1250 steals=2 foreign=2
[map,coarse,locality,vic=1] PSSTATS loc=4 executed=1256 dealt=1250 steals=6 foreign=6
[map,coarse,locality,vic=1] PSSTATS loc=5 executed=1249 dealt=1250 steals=2 foreign=2
[map,coarse,locality,vic=1] PSSTATS loc=6 executed=1248 dealt=1250 steals=2 foreign=2
[map,coarse,locality,vic=1] PSSTATS loc=7 executed=1253 dealt=1250 steals=5 foreign=5
[map,coarse,locality,vic=1] PSSTATS loc=8 executed=1248 dealt=1250 steals=3 foreign=3
[map,coarse,locality,vic=1] PSSTATS loc=9 executed=1248 dealt=1250 steals=2 foreign=2
[map,coarse,locality,vic=1] PSSTATS loc=10 executed=1263 dealt=1250 steals=13 foreign=13
[map,coarse,locality,vic=1] PSSTATS loc=11 executed=1226 dealt=1250 steals=2 foreign=2
[map,coarse,locality,vic=2] PSSTATS sched=locality dist=coarse locs=12 threads=12
[map,coarse,locality,vic=2] PSSTATS loc=0 executed=1499 dealt=1500 steals=4 foreign=4
[map,coarse,locality,vic=2] PSSTATS loc=1 executed=1494 dealt=1500 steals=2 foreign=2
[map,coarse,locality,vic=2] PSSTATS loc=2 executed=1500 dealt=1500 steals=3 foreign=3
[map,coarse,locality,vic=2] PSSTATS loc=3 executed=1253 dealt=1250 steals=6 foreign=6
[map,coarse,locality,vic=2] PSSTATS loc=4 executed=1250 dealt=1250 steals=4 foreign=4
[map,coarse,locality,vic=2] PSSTATS loc=5 executed=1267 dealt=1250 steals=17 foreign=17
[map,coarse,locality,vic=2] PSSTATS loc=6 executed=1263 dealt=1250 steals=17 foreign=17
[map,coarse,locality,vic=2] PSSTATS loc=7 executed=1197 dealt=1250 steals=1 foreign=1
[map,coarse,locality,vic=2] PSSTATS loc=8 executed=1268 dealt=1250 steals=18 foreign=18
[map,coarse,locality,vic=2] PSSTATS loc=9 executed=1258 dealt=1250 steals=12 foreign=12
[map,coarse,locality,vic=2] PSSTATS loc=10 executed=1245 dealt=1250 steals=2 foreign=2
[map,coarse,locality,vic=2] PSSTATS loc=11 executed=1256 dealt=1250 steals=6 foreign=6
[map,fine,locality,vic=0] PSSTATS sched=locality dist=fine locs=12 threads=12
[map,fine,locality,vic=0] PSSTATS loc=0 executed=1945 dealt=15750 steals=0 foreign=0
[map,fine,locality,vic=0] PSSTATS loc=1 executed=1319 dealt=0 steals=1319 foreign=0
[map,fine,locality,vic=0] PSSTATS loc=2 executed=1320 dealt=0 steals=1320 foreign=0
[map,fine,locality,vic=0] PSSTATS loc=3 executed=1309 dealt=0 steals=1309 foreign=0
[map,fine,locality,vic=0] PSSTATS loc=4 executed=572 dealt=0 steals=572 foreign=0
[map,fine,locality,vic=0] PSSTATS loc=5 executed=1350 dealt=0 steals=1350 foreign=0
[map,fine,locality,vic=0] PSSTATS loc=6 executed=1301 dealt=0 steals=1301 foreign=0
[map,fine,locality,vic=0] PSSTATS loc=7 executed=1333 dealt=0 steals=1333 foreign=0
[map,fine,locality,vic=0] PSSTATS loc=8 executed=1336 dealt=0 steals=1336 foreign=0
[map,fine,locality,vic=0] PSSTATS loc=9 executed=1310 dealt=0 steals=1310 foreign=0
[map,fine,locality,vic=0] PSSTATS loc=10 executed=1309 dealt=0 steals=1309 foreign=0
[map,fine,locality,vic=0] PSSTATS loc=11 executed=1346 dealt=0 steals=1346 foreign=0
[vecmul,coarse,standard,vic=0] PSSTATS sched=standard dist=coarse locs=12 threads=12
[vecmul,coarse,standard,vic=0] PSSTATS loc=0 executed=2441 dealt=25600 steals=0 foreign=1961
[vecmul,coarse,standard,vic=0] PSSTATS loc=1 executed=2104 dealt=0 steals=2104 foreign=1948
[vecmul,coarse,standard,vic=0] PSSTATS loc=2 executed=2095 dealt=0 steals=2095 foreign=1954
[vecmul,coarse,standard,vic=0] PSSTATS loc=3 executed=2031 dealt=0 steals=2031 foreign=1847
[vecmul,coarse,standard,vic=0] PSSTATS loc=4 executed=2116 dealt=0 steals=2116 foreign=1900
[vecmul,coarse,standard,vic=0] PSSTATS loc=5 executed=2113 dealt=0 steals=2113 foreign=1910
[vecmul,coarse,standard,vic=0] PSSTATS loc=6 executed=2125 dealt=0 steals=2125 foreign=1907
[vecmul,coarse,standard,vic=0] PSSTATS loc=7 executed=2083 dealt=0 steals=2083 foreign=1928
[vecmul,coarse,standard,vic=0] PSSTATS loc=8 executed=2088 dealt=0 steals=2088 foreign=1929
[vecmul,coarse,standard,vic=0] PSSTATS loc=9 executed=2122 dealt=0 steals=2122 foreign=1942
[vecmul,coarse,standard,vic=0] PSSTATS loc=10 executed=2165 dealt=0 steals=2165 foreign=2004
[vecmul,coarse,standard,vic=0] PSSTATS loc=11 executed=2117 dealt=0 steals=2117 foreign=1981
[vecmul,coarse,locality,vic=0] PSSTATS sched=locality dist=coarse locs=12 threads=12
[vecmul,coarse,locality,vic=0] PSSTATS loc=0 executed=2203 dealt=2200 steals=27 foreign=27
[vecmul,coarse,locality,vic=0] PSSTATS loc=1 executed=2240 dealt=2200 steals=61 foreign=61
[vecmul,coarse,locality,vic=0] PSSTATS loc=2 executed=2192 dealt=2200 steals=25 foreign=25
[vecmul,coarse,locality,vic=0] PSSTATS loc=3 executed=2174 dealt=2200 steals=15 foreign=15
[vecmul,coarse,locality,vic=0] PSSTATS loc=4 executed=2188 dealt=2200 steals=24 foreign=24
[vecmul,coarse,locality,vic=0] PSSTATS loc=5 executed=2175 dealt=2200 steals=5 foreign=5
[vecmul,coarse,locality,vic=0] PSSTATS loc=6 executed=2216 dealt=2200 steals=28 foreign=28
[vecmul,coarse,locality,vic=0] PSSTATS loc=7 executed=2163 dealt=2200 steals=10 foreign=10
[vecmul,coarse,locality,vic=0] PSSTATS loc=8 executed=2021 dealt=2000 steals=24 foreign=24
[vecmul,coarse,locality,vic=0] PSSTATS loc=9 executed=1999 dealt=2000 steals=17 foreign=17
[vecmul,coarse,locality,vic=0] PSSTATS loc=10 executed=2006 dealt=2000 steals=32 foreign=32
[vecmul,coarse,locality,vic=0] PSSTATS loc=11 executed=2023 dealt=2000 steals=38 foreign=38
[vecmul,coarse,locality,vic=1] PSSTATS sched=locality dist=coarse locs=12 threads=12
[vecmul,coarse,locality,vic=1] PSSTATS loc=0 executed=2161 dealt=2200 steals=6 foreign=6
[vecmul,coarse,locality,vic=1] PSSTATS loc=1 executed=2214 dealt=2200 steals=20 foreign=20
[vecmul,coarse,locality,vic=1] PSSTATS loc=2 executed=2196 dealt=2200 steals=23 foreign=23
[vecmul,coarse,locality,vic=1] PSSTATS loc=3 executed=2193 dealt=2200 steals=13 foreign=13
[vecmul,coarse,locality,vic=1] PSSTATS loc=4 executed=2218 dealt=2200 steals=23 foreign=23
[vecmul,coarse,locality,vic=1] PSSTATS loc=5 executed=2179 dealt=2200 steals=20 foreign=20
[vecmul,coarse,locality,vic=1] PSSTATS loc=6 executed=2209 dealt=2200 steals=26 foreign=26
[vecmul,coarse,locality,vic=1] PSSTATS loc=7 executed=2185 dealt=2200 steals=1 foreign=1
[vecmul,coarse,locality,vic=1] PSSTATS loc=8 executed=2015 dealt=2000 steals=15 foreign=15
[vecmul,coarse,locality,vic=1] PSSTATS loc=9 executed=1993 dealt=2000 steals=1 foreign=1
[vecmul,coarse,locality,vic=1] PSSTATS loc=10 executed=2009 dealt=2000 steals=11 foreign=11
[vecmul,coarse,locality,vic=1] PSSTATS loc=11 executed=2028 dealt=2000 steals=41 foreign=41
[vecmul,coarse,locality,vic=2] PSSTATS sched=locality dist=coarse locs=12 threads=12
[vecmul,coarse,locality,vic=2] PSSTATS loc=0 executed=2192 dealt=2200 steals=14 foreign=14
[vecmul,coarse,locality,vic=2] PSSTATS loc=1 executed=2198 dealt=2200 steals=26 foreign=26
[vecmul,coarse,locality,vic=2] PSSTATS loc=2 executed=2190 dealt=2200 steals=15 foreign=15
[vecmul,coarse,locality,vic=2] PSSTATS loc=3 executed=2218 dealt=2200 steals=43 foreign=43
[vecmul,coarse,locality,vic=2] PSSTATS loc=4 executed=2195 dealt=2200 steals=28 foreign=28
[vecmul,coarse,locality,vic=2] PSSTATS loc=5 executed=2188 dealt=2200 steals=13 foreign=13
[vecmul,coarse,locality,vic=2] PSSTATS loc=6 executed=2192 dealt=2200 steals=15 foreign=15
[vecmul,coarse,locality,vic=2] PSSTATS loc=7 executed=2185 dealt=2200 steals=13 foreign=13
[vecmul,coarse,locality,vic=2] PSSTATS loc=8 executed=2021 dealt=2000 steals=22 foreign=22
[vecmul,coarse,locality,vic=2] PSSTATS loc=9 executed=1982 dealt=2000 steals=22 foreign=22
[vecmul,coarse,locality,vic=2] PSSTATS loc=10 executed=2022 dealt=2000 steals=28 foreign=28
[vecmul,coarse,locality,vic=2] PSSTATS loc=11 executed=2017 dealt=2000 steals=22 foreign=22
[vecmul,fine,locality,vic=0] PSSTATS sched=locality dist=fine locs=12 threads=12
[vecmul,fine,locality,vic=0] PSSTATS loc=0 executed=2434 dealt=25600 steals=0 foreign=0
[vecmul,fine,locality,vic=0] PSSTATS loc=1 executed=2093 dealt=0 steals=2093 foreign=0
[vecmul,fine,locality,vic=0] PSSTATS loc=2 executed=2152 dealt=0 steals=2152 foreign=0
[vecmul,fine,locality,vic=0] PSSTATS loc=3 executed=2109 dealt=0 steals=2109 foreign=0
[vecmul,fine,locality,vic=0] PSSTATS loc=4 executed=2121 dealt=0 steals=2121 foreign=0
[vecmul,fine,locality,vic=0] PSSTATS loc=5 executed=2019 dealt=0 steals=2019 foreign=0
[vecmul,fine,locality,vic=0] PSSTATS loc=6 executed=2159 dealt=0 steals=2159 foreign=0
[vecmul,fine,locality,vic=0] PSSTATS loc=7 executed=2049 dealt=0 steals=2049 foreign=0
[vecmul,fine,locality,vic=0] PSSTATS loc=8 executed=2174 dealt=0 steals=2174 foreign=0
[vecmul,fine,locality,vic=0] PSSTATS loc=9 executed=2047 dealt=0 steals=2047 foreign=0
[vecmul,fine,locality,vic=0] PSSTATS loc=10 executed=2159 dealt=0 steals=2159 foreign=0
[vecmul,fine,locality,vic=0] PSSTATS loc=11 executed=2084 dealt=0 steals=2084 foreign=0
[reduction,coarse,standard,vic=0] PSSTATS sched=standard dist=coarse locs=12 threads=12
[reduction,coarse,standard,vic=0] PSSTATS loc=0 executed=98 dealt=1023 steals=0 foreign=34
[reduction,coarse,standard,vic=0] PSSTATS loc=1 executed=54 dealt=0 steals=54 foreign=27
[reduction,coarse,standard,vic=0] PSSTATS loc=2 executed=95 dealt=0 steals=95 foreign=95
[reduction,coarse,standard,vic=0] PSSTATS loc=3 executed=84 dealt=0 steals=84 foreign=84
[reduction,coarse,standard,vic=0] PSSTATS loc=4 executed=87 dealt=0 steals=87 foreign=87
[reduction,coarse,standard,vic=0] PSSTATS loc=5 executed=84 dealt=0 steals=84 foreign=84
[reduction,coarse,standard,vic=0] PSSTATS loc=6 executed=84 dealt=0 steals=84 foreign=84
[reduction,coarse,standard,vic=0] PSSTATS loc=7 executed=90 dealt=0 steals=90 foreign=90
[reduction,coarse,standard,vic=0] PSSTATS loc=8 executed=87 dealt=0 steals=87 foreign=87
[reduction,coarse,standard,vic=0] PSSTATS loc=9 executed=87 dealt=0 steals=87 foreign=87
[reduction,coarse,standard,vic=0] PSSTATS loc=10 executed=86 dealt=0 steals=86 foreign=86
[reduction,coarse,standard,vic=0] PSSTATS loc=11 executed=87 dealt=0 steals=87 foreign=87
[reduction,coarse,locality,vic=0] PSSTATS sched=locality dist=coarse locs=12 threads=12
[reduction,coarse,locality,vic=0] PSSTATS loc=0 executed=99 dealt=682 steals=30 foreign=30
[reduction,coarse,locality,vic=0] PSSTATS loc=1 executed=91 dealt=341 steals=58 foreign=58
[reduction,coarse,locality,vic=0] PSSTATS loc=2 executed=94 dealt=0 steals=94 foreign=94
[reduction,coarse,locality,vic=0] PSSTATS loc=3 executed=87 dealt=0 steals=87 foreign=87
[reduction,coarse,locality,vic=0] PSSTATS loc=4 executed=83 dealt=0 steals=83 foreign=83
[reduction,coarse,locality,vic=0] PSSTATS loc=5 executed=88 dealt=0 steals=88 foreign=88
[reduction,coarse,locality,vic=0] PSSTATS loc=6 executed=54 dealt=0 steals=54 foreign=54
[reduction,coarse,locality,vic=0] PSSTATS loc=7 executed=93 dealt=0 steals=93 foreign=93
[reduction,coarse,locality,vic=0] PSSTATS loc=8 executed=87 dealt=0 steals=87 foreign=87
[reduction,coarse,locality,vic=0] PSSTATS loc=9 executed=68 dealt=0 steals=68 foreign=68
[reduction,coarse,locality,vic=0] PSSTATS loc=10 executed=92 dealt=0 steals=92 foreign=92
[reduction,coarse,locality,vic=0] PSSTATS loc=11 executed=87 dealt=0 steals=87 foreign=87
[reduction,coarse,locality,vic=1] PSSTATS sched=locality dist=coarse locs=12 threads=12
[reduction,coarse,locality,vic=1] PSSTATS loc=0 executed=344 dealt=682 steals=112 foreign=112
[reduction,coarse,locality,vic=1] PSSTATS loc=1 executed=343 dealt=341 steals=226 foreign=226
[reduction,coarse,locality,vic=1] PSSTATS loc=2 executed=112 dealt=0 steals=112 foreign=112
[reduction,coarse,locality,vic=1] PSSTATS loc=3 executed=0 dealt=0 steals=0 foreign=0
[reduction,coarse,locality,vic=1] PSSTATS loc=4 executed=0 dealt=0 steals=0 foreign=0
[reduction,coarse,locality,vic=1] PSSTATS loc=5 executed=0 dealt=0 steals=0 foreign=0
[reduction,coarse,locality,vic=1] PSSTATS loc=6 executed=0 dealt=0 steals=0 foreign=0
[reduction,coarse,locality,vic=1] PSSTATS loc=7 executed=0 dealt=0 steals=0 foreign=0
[reduction,coarse,locality,vic=1] PSSTATS loc=8 executed=0 dealt=0 steals=0 foreign=0
[reduction,coarse,locality,vic=1] PSSTATS loc=9 executed=0 dealt=0 steals=0 foreign=0
[reduction,coarse,locality,vic=1] PSSTATS loc=10 executed=0 dealt=0 steals=0 foreign=0
[reduction,coarse,locality,vic=1] PSSTATS loc=11 executed=224 dealt=0 steals=224 foreign=224
[reduction,coarse,locality,vic=2] PSSTATS sched=locality dist=coarse locs=12 threads=12
[reduction,coarse,locality,vic=2] PSSTATS loc=0 executed=212 dealt=682 steals=69 foreign=69
[reduction,coarse,locality,vic=2] PSSTATS loc=1 executed=204 dealt=341 steals=131 foreign=131
[reduction,coarse,locality,vic=2] PSSTATS loc=2 executed=206 dealt=0 steals=206 foreign=206
[reduction,coarse,locality,vic=2] PSSTATS loc=3 executed=64 dealt=0 steals=64 foreign=64
[reduction,coarse,locality,vic=2] PSSTATS loc=4 executed=0 dealt=0 steals=0 foreign=0
[reduction,coarse,locality,vic=2] PSSTATS loc=5 executed=0 dealt=0 steals=0 foreign=0
[reduction,coarse,locality,vic=2] PSSTATS loc=6 executed=0 dealt=0 steals=0 foreign=0
[reduction,coarse,locality,vic=2] PSSTATS loc=7 executed=0 dealt=0 steals=0 foreign=0
[reduction,coarse,locality,vic=2] PSSTATS loc=8 executed=0 dealt=0 steals=0 foreign=0
[reduction,coarse,locality,vic=2] PSSTATS loc=9 executed=0 dealt=0 steals=0 foreign=0
[reduction,coarse,locality,vic=2] PSSTATS loc=10 executed=136 dealt=0 steals=136 foreign=136
[reduction,coarse,locality,vic=2] PSSTATS loc=11 executed=201 dealt=0 steals=201 foreign=201
[reduction,fine,locality,vic=0] PSSTATS sched=locality dist=fine locs=12 threads=12
[reduction,fine,locality,vic=0] PSSTATS loc=0 executed=104 dealt=1023 steals=0 foreign=0
[reduction,fine,locality,vic=0] PSSTATS loc=1 executed=98 dealt=0 steals=98 foreign=0
[reduction,fine,locality,vic=0] PSSTATS loc=2 executed=57 dealt=0 steals=57 foreign=0
[reduction,fine,locality,vic=0] PSSTATS loc=3 executed=87 dealt=0 steals=87 foreign=0
[reduction,fine,locality,vic=0] PSSTATS loc=4 executed=67 dealt=0 steals=67 foreign=0
[reduction,fine,locality,vic=0] PSSTATS loc=5 executed=84 dealt=0 steals=84 foreign=0
[reduction,fine,locality,vic=0] PSSTATS loc=6 executed=94 dealt=0 steals=94 foreign=0
[reduction,fine,locality,vic=0] PSSTATS loc=7 executed=65 dealt=0 steals=65 foreign=0
[reduction,fine,locality,vic=0] PSSTATS loc=8 executed=92 dealt=0 steals=92 foreign=0
[reduction,fine,locality,vic=0] PSSTATS loc=9 executed=97 dealt=0 steals=97 foreign=0
[reduction,fine,locality,vic=0] PSSTATS loc=10 executed=87 dealt=0 steals=87 foreign=0
[reduction,fine,locality,vic=0] PSSTATS loc=11 executed=91 dealt=0 steals=91 foreign=0
[matmul,coarse,standard,vic=0] PSSTATS sched=standard dist=coarse locs=12 threads=12
[matmul,coarse,standard,vic=0] PSSTATS loc=0 executed=23 dealt=256 steals=0 foreign=0
[matmul,coarse,standard,vic=0] PSSTATS loc=1 executed=21 dealt=0 steals=21 foreign=21
[matmul,coarse,standard,vic=0] PSSTATS loc=2 executed=21 dealt=0 steals=21 foreign=21
[matmul,coarse,standard,vic=0] PSSTATS loc=3 executed=22 dealt=0 steals=22 foreign=22
[matmul,coarse,standard,vic=0] PSSTATS loc=4 executed=18 dealt=0 steals=18 foreign=18
[matmul,coarse,standard,vic=0] PSSTATS loc=5 executed=21 dealt=0 steals=21 foreign=21
[matmul,coarse,standard,vic=0] PSSTATS loc=6 executed=22 dealt=0 steals=22 foreign=22
[matmul,coarse,standard,vic=0] PSSTATS loc=7 executed=21 dealt=0 steals=21 foreign=21
[matmul,coarse,standard,vic=0] PSSTATS loc=8 executed=22 dealt=0 steals=22 foreign=22
[matmul,coarse,standard,vic=0] PSSTATS loc=9 executed=22 dealt=0 steals=22 foreign=22
[matmul,coarse,standard,vic=0] PSSTATS loc=10 executed=22 dealt=0 steals=22 foreign=22
[matmul,coarse,standard,vic=0] PSSTATS loc=11 executed=21 dealt=0 steals=21 foreign=21
[matmul,coarse,locality,vic=0] PSSTATS sched=locality dist=coarse locs=12 threads=12
[matmul,coarse,locality,vic=0] PSSTATS loc=0 executed=23 dealt=256 steals=0 foreign=0
[matmul,coarse,locality,vic=0] PSSTATS loc=1 executed=21 dealt=0 steals=21 foreign=21
[matmul,coarse,locality,vic=0] PSSTATS loc=2 executed=22 dealt=0 steals=22 foreign=22
[matmul,coarse,locality,vic=0] PSSTATS loc=3 executed=23 dealt=0 steals=23 foreign=23
[matmul,coarse,locality,vic=0] PSSTATS loc=4 executed=22 dealt=0 steals=22 foreign=22
[matmul,coarse,locality,vic=0] PSSTATS loc=5 executed=21 dealt=0 steals=21 foreign=21
[matmul,coarse,locality,vic=0] PSSTATS loc=6 executed=23 dealt=0 steals=23 foreign=23
[matmul,coarse,locality,vic=0] PSSTATS loc=7 executed=21 dealt=0 steals=21 foreign=21
[matmul,coarse,locality,vic=0] PSSTATS loc=8 executed=15 dealt=0 steals=15 foreign=15
[matmul,coarse,locality,vic=0] PSSTATS loc=9 executed=22 dealt=0 steals=22 foreign=22
[matmul,coarse,locality,vic=0] PSSTATS loc=10 executed=22 dealt=0 steals=22 foreign=22
[matmul,coarse,locality,vic=0] PSSTATS loc=11 executed=21 dealt=0 steals=21 foreign=21
[matmul,coarse,locality,vic=1] PSSTATS sched=locality dist=coarse locs=12 threads=12
[matmul,coarse,locality,vic=1] PSSTATS loc=0 executed=88 dealt=256 steals=0 foreign=0
[matmul,coarse,locality,vic=1] PSSTATS loc=1 executed=84 dealt=0 steals=84 foreign=84
[matmul,coarse,locality,vic=1] PSSTATS loc=2 executed=0 dealt=0 steals=0 foreign=0
[matmul,coarse,locality,vic=1] PSSTATS loc=3 executed=0 dealt=0 steals=0 foreign=0
[matmul,coarse,locality,vic=1] PSSTATS loc=4 executed=0 dealt=0 steals=0 foreign=0
[matmul,coarse,locality,vic=1] PSSTATS loc=5 executed=0 dealt=0 steals=0 foreign=0
[matmul,coarse,locality,vic=1] PSSTATS loc=6 executed=0 dealt=0 steals=0 foreign=0
[matmul,coarse,locality,vic=1] PSSTATS loc=7 executed=0 dealt=0 steals=0 foreign=0
[matmul,coarse,locality,vic=1] PSSTATS loc=8 executed=0 dealt=0 steals=0 foreign=0
[matmul,coarse,locality,vic=1] PSSTATS loc=9 executed=0 dealt=0 steals=0 foreign=0
[matmul,coarse,locality,vic=1] PSSTATS loc=10 executed=0 dealt=0 steals=0 foreign=0
[matmul,coarse,locality,vic=1] PSSTATS loc=11 executed=84 dealt=0 steals=84 foreign=84
[matmul,coarse,locality,vic=2] PSSTATS sched=locality dist=coarse locs=12 threads=12
[matmul,coarse,locality,vic=2] PSSTATS loc=0 executed=52 dealt=256 steals=0 foreign=0
[matmul,coarse,locality,vic=2] PSSTATS loc=1 executed=50 dealt=0 steals=50 foreign=50
[matmul,coarse,locality,vic=2] PSSTATS loc=2 executed=52 dealt=0 steals=52 foreign=52
[matmul,coarse,locality,vic=2] PSSTATS loc=3 executed=0 dealt=0 steals=0 foreign=0
[matmul,coarse,locality,vic=2] PSSTATS loc=4 executed=0 dealt=0 steals=0 foreign=0
[matmul,coarse,locality,vic=2] PSSTATS loc=5 executed=0 dealt=0 steals=0 foreign=0
[matmul,coarse,locality,vic=2] PSSTATS loc=6 executed=0 dealt=0 steals=0 foreign=0
[matmul,coarse,locality,vic=2] PSSTATS loc=7 executed=0 dealt=0 steals=0 foreign=0
[matmul,coarse,locality,vic=2] PSSTATS loc=8 executed=0 dealt=0 steals=0 foreign=0
[matmul,coarse,locality,vic=2] PSSTATS loc=9 executed=0 dealt=0 steals=0 foreign=0
[matmul,coarse,locality,vic=2] PSSTATS loc=10 executed=52 dealt=0 steals=52 foreign=52
[matmul,coarse,locality,vic=2] PSSTATS loc=11 executed=50 dealt=0 steals=50 foreign=50
[matmul,fine,locality,vic=0] PSSTATS sched=locality dist=fine locs=12 threads=12
[matmul,fine,locality,vic=0] PSSTATS loc=0 executed=23 dealt=256 steals=0 foreign=0
[matmul,fine,locality,vic=0] PSSTATS loc=1 executed=21 dealt=0 steals=21 foreign=0
[matmul,fine,locality,vic=0] PSSTATS loc=2 executed=20 dealt=0 steals=20 foreign=0
[matmul,fine,locality,vic=0] PSSTATS loc=3 executed=22 dealt=0 steals=22 foreign=0
[matmul,fine,locality,vic=0] PSSTATS loc=4 executed=23 dealt=0 steals=23 foreign=0
[matmul,fine,locality,vic=0] PSSTATS loc=5 executed=22 dealt=0 steals=22 foreign=0
[matmul,fine,locality,vic=0] PSSTATS loc=6 executed=21 dealt=0 steals=21 foreign=0
[matmul,fine,locality,vic=0] PSSTATS loc=7 executed=19 dealt=0 steals=19 foreign=0
[matmul,fine,locality,vic=0] PSSTATS loc=8 executed=21 dealt=0 steals=21 foreign=0
[matmul,fine,locality,vic=0] PSSTATS loc=9 executed=22 dealt=0 steals=22 foreign=0
[matmul,fine,locality,vic=0] PSSTATS loc=10 executed=22 dealt=0 steals=22 foreign=0
[matmul,fine,locality,vic=0] PSSTATS loc=11 executed=20 dealt=0 steals=20 foreign=0
